index,status,onset,cert_step,period,dx,dy,visited,bbox_w,bbox_h,onset_exact
0,HIGHWAY,9977,10206,104,-2,-2,1423,52,45,1
1,HIGHWAY,2776,2996,104,-2,2,537,27,31,1
2,HIGHWAY,9976,10205,104,2,-2,1423,45,52,1
3,HIGHWAY,1205,1519,104,2,2,314,26,23,1
4,HIGHWAY,19375,19588,104,-2,-2,2054,57,54,1
5,HIGHWAY,1417,1729,104,-2,-2,370,26,27,1
6,HIGHWAY,9975,10204,104,2,2,1423,52,45,1
7,HIGHWAY,5756,5976,104,-2,2,841,33,41,1
8,HIGHWAY,11384,11695,104,2,-2,1541,47,49,1
9,HIGHWAY,2652,2860,104,2,-2,549,25,35,1
10,HIGHWAY,9381,9674,104,-2,-2,1283,44,43,1
11,HIGHWAY,275,491,104,2,-2,121,16,14,1
12,HIGHWAY,315,626,104,-2,-2,163,17,18,1
13,HIGHWAY,1856,2167,104,-2,2,468,26,30,1
14,HIGHWAY,4854,5070,104,2,2,832,34,44,1
15,HIGHWAY,2633,2850,104,-2,2,471,27,29,1
16,HIGHWAY,9978,10207,104,2,-2,1423,45,52,1
17,HIGHWAY,11385,11696,104,2,2,1541,49,47,1
18,HIGHWAY,2777,2997,104,-2,-2,537,31,27,1
19,HIGHWAY,2653,2861,104,2,2,549,35,25,1
20,HIGHWAY,1618,1834,104,2,2,330,26,25,1
21,HIGHWAY,33098,33406,104,2,-2,2920,69,69,1
22,HIGHWAY,19373,19586,104,2,2,2054,57,54,1
23,HIGHWAY,855,1166,104,2,2,287,23,22,1
24,HIGHWAY,9979,10208,104,2,2,1423,52,45,1
25,HIGHWAY,9980,10209,104,-2,2,1423,45,52,1
26,HIGHWAY,11386,11697,104,-2,2,1541,47,49,1
27,HIGHWAY,9981,10210,104,-2,-2,1423,52,45,1
28,HIGHWAY,1241,1530,104,-2,-2,330,24,24,1
29,HIGHWAY,1209,1523,104,-2,-2,314,26,23,1
30,HIGHWAY,2472,2688,104,2,2,519,36,26,1
31,HIGHWAY,19379,19592,104,-2,-2,2054,57,54,1
32,HIGHWAY,2778,2998,104,-2,2,537,27,31,1
33,HIGHWAY,326,637,104,-2,2,167,18,18,1
34,HIGHWAY,19374,19587,104,2,-2,2054,54,57,1
35,HIGHWAY,294,605,104,-2,2,158,18,18,1
36,HIGHWAY,2644,2852,104,2,-2,549,25,35,1
37,HIGHWAY,2720,2928,104,2,-2,552,25,35,1
38,HIGHWAY,9974,10203,104,-2,2,1423,45,52,1
39,HIGHWAY,505,721,104,-2,2,161,18,18,1
40,HIGHWAY,21411,21627,104,-2,2,2514,60,62,1
41,HIGHWAY,4560,4871,104,2,-2,822,37,41,1
42,HIGHWAY,263,574,104,-2,-2,155,16,18,1
43,HIGHWAY,476,720,104,2,-2,169,19,19,1
44,HIGHWAY,41982,42293,104,-2,-2,3195,71,71,1
45,HIGHWAY,3240,3456,104,-2,-2,687,35,34,1
46,HIGHWAY,4103,4414,104,2,2,720,27,43,1
47,HIGHWAY,13922,14233,104,-2,2,1635,45,56,1
48,HIGHWAY,4107,4418,104,-2,-2,720,27,43,1
49,HIGHWAY,3518,3829,104,2,-2,605,32,32,1
50,HIGHWAY,2643,2851,104,2,2,549,35,25,1
51,HIGHWAY,3836,4056,104,2,-2,648,25,41,1
52,HIGHWAY,11670,11885,104,2,-2,1643,58,49,1
53,HIGHWAY,5537,5850,104,2,-2,900,31,45,1
54,HIGHWAY,9973,10202,104,-2,-2,1423,52,45,1
55,HIGHWAY,2772,2992,104,-2,2,537,27,31,1
56,HIGHWAY,2374,2585,104,2,2,477,30,27,1
57,HIGHWAY,674,985,104,-2,2,244,19,22,1
58,HIGHWAY,6767,7078,104,2,2,1176,44,49,1
59,HIGHWAY,2782,3002,104,-2,2,537,27,31,1
60,HIGHWAY,13069,13293,104,-2,-2,1379,55,40,1
61,HIGHWAY,354,562,104,-2,2,157,16,16,1
62,HIGHWAY,11380,11691,104,2,-2,1541,47,49,1
63,HIGHWAY,2648,2856,104,2,-2,549,25,35,1
64,HIGHWAY,671,982,104,-2,-2,244,22,19,1
65,HIGHWAY,1682,1993,104,-2,2,414,27,25,1
66,HIGHWAY,895,1206,104,-2,2,275,22,24,1
67,HIGHWAY,352,560,104,-2,2,151,16,16,1
68,HIGHWAY,316,525,104,2,-2,138,17,16,1
69,HIGHWAY,556,867,104,2,-2,199,20,18,1
70,HIGHWAY,2799,3111,104,-2,-2,594,30,35,1
71,HIGHWAY,1787,2011,104,2,2,411,25,31,1
72,HIGHWAY,260,571,104,-2,2,154,18,16,1
73,HIGHWAY,18636,18947,104,2,2,2295,68,59,1
74,HIGHWAY,2554,2762,104,-2,2,552,25,34,1
75,HIGHWAY,7634,7945,104,-2,-2,1159,44,48,1
76,HIGHWAY,312,521,104,2,-2,136,17,16,1
77,HIGHWAY,312,521,104,2,-2,136,17,16,1
78,HIGHWAY,3508,3724,104,2,2,630,34,37,1
79,HIGHWAY,1513,1729,104,2,-2,355,22,29,1
80,HIGHWAY,2779,2999,104,-2,-2,537,31,27,1
81,HIGHWAY,21412,21628,104,-2,-2,2514,62,60,1
82,HIGHWAY,327,638,104,-2,-2,167,18,18,1
83,HIGHWAY,4561,4872,104,2,2,822,41,37,1
84,HIGHWAY,1706,2018,104,-2,2,378,30,24,1
85,HIGHWAY,1682,1993,104,-2,2,414,27,25,1
86,HIGHWAY,1146,1370,104,-2,2,301,25,21,1
87,HIGHWAY,1110,1326,104,2,2,262,24,19,1
88,HIGHWAY,4108,4419,104,2,-2,720,43,27,1
89,HIGHWAY,2375,2586,104,-2,2,477,27,30,1
90,HIGHWAY,3519,3830,104,2,2,605,32,32,1
91,HIGHWAY,675,986,104,-2,-2,244,22,19,1
92,HIGHWAY,352,572,104,2,-2,147,17,16,1
93,HIGHWAY,3895,4111,104,2,-2,702,39,35,1
94,HIGHWAY,312,521,104,2,-2,137,17,16,1
95,HIGHWAY,320,529,104,2,-2,138,17,16,1
96,HIGHWAY,686,999,104,-2,-2,240,22,20,1
97,HIGHWAY,227,436,104,2,2,114,15,14,1
98,HIGHWAY,2637,2853,104,-2,2,575,35,33,1
99,HIGHWAY,227,436,104,2,2,113,15,14,1
100,HIGHWAY,18628,18939,104,2,2,2295,68,59,1
101,HIGHWAY,2728,2936,104,2,-2,566,25,35,1
102,HIGHWAY,1614,1830,104,-2,-2,330,26,25,1
103,HIGHWAY,2952,3168,104,-2,-2,612,33,34,1
104,HIGHWAY,1815,2126,104,2,2,388,26,29,1
105,HIGHWAY,324,635,104,2,-2,165,18,17,1
106,HIGHWAY,768,1079,104,2,2,258,22,22,1
107,HIGHWAY,507,719,104,2,2,174,15,19,1
108,HIGHWAY,1999,2311,104,-2,-2,430,24,32,1
109,HIGHWAY,1470,1686,104,2,2,331,25,26,1
110,HIGHWAY,11666,11881,104,-2,2,1643,58,49,1
111,HIGHWAY,584,800,104,-2,-2,192,20,21,1
112,HIGHWAY,5892,6105,104,2,2,996,39,44,1
113,HIGHWAY,1006,1224,104,-2,-2,265,21,21,1
114,HIGHWAY,335,646,104,-2,-2,166,18,18,1
115,HIGHWAY,4108,4410,104,2,2,701,41,30,1
116,HIGHWAY,4339,4555,104,2,-2,749,34,33,1
117,HIGHWAY,5951,6263,104,2,2,1070,59,34,1
118,HIGHWAY,667,978,104,-2,-2,244,22,19,1
119,HIGHWAY,1678,1989,104,-2,2,414,27,25,1
120,HIGHWAY,264,472,104,-2,2,127,16,13,1
121,HIGHWAY,41139,41450,104,-2,-2,3904,88,75,1
122,HIGHWAY,260,468,104,-2,2,125,16,12,1
123,HIGHWAY,690,1003,104,-2,-2,240,22,20,1
124,HIGHWAY,260,571,104,-2,2,156,18,16,1
125,HIGHWAY,360,568,104,2,-2,150,16,16,1
126,HIGHWAY,256,567,104,-2,2,154,18,16,1
127,HIGHWAY,18632,18943,104,2,2,2295,68,59,1
128,HIGHWAY,1206,1520,104,2,-2,314,23,26,1
129,HIGHWAY,1492,1710,104,-2,2,317,24,26,1
130,HIGHWAY,5757,5977,104,2,2,841,41,33,1
131,HIGHWAY,9824,10135,104,2,-2,1330,50,46,1
132,HIGHWAY,295,606,104,2,2,158,18,18,1
133,HIGHWAY,215,526,104,2,2,140,17,17,1
134,HIGHWAY,506,722,104,2,2,161,18,18,1
135,HIGHWAY,3300,3520,104,-2,2,615,30,32,1
136,HIGHWAY,2487,2695,104,-2,-2,524,33,25,1
137,HIGHWAY,3845,4065,104,-2,-2,648,41,25,1
138,HIGHWAY,12765,12981,104,-2,2,1741,53,63,1
139,HIGHWAY,292,603,104,-2,2,152,16,18,1
140,HIGHWAY,319,630,104,2,2,167,18,18,1
141,HIGHWAY,5877,6188,104,-2,-2,921,43,35,1
142,HIGHWAY,3509,3820,104,2,2,605,35,35,1
143,HIGHWAY,1133,1422,104,-2,-2,303,23,24,1
144,HIGHWAY,19376,19589,104,2,-2,2054,54,57,1
145,HIGHWAY,316,627,104,2,-2,163,18,17,1
146,HIGHWAY,1418,1730,104,2,-2,370,27,26,1
147,HIGHWAY,1857,2168,104,-2,-2,468,30,26,1
148,HIGHWAY,7862,8078,104,2,2,1298,53,49,1
149,HIGHWAY,659,970,104,-2,-2,237,20,21,1
150,HIGHWAY,540,754,104,-2,-2,193,18,20,1
151,HIGHWAY,4219,4530,104,-2,-2,688,35,37,1
152,HIGHWAY,1619,1835,104,-2,2,330,25,26,1
153,HIGHWAY,1242,1531,104,2,-2,330,24,24,1
154,HIGHWAY,33099,33407,104,2,2,2920,69,69,1
155,HIGHWAY,1210,1524,104,2,-2,314,23,26,1
156,HIGHWAY,715,1026,104,2,2,260,22,23,1
157,HIGHWAY,335,646,104,-2,-2,166,17,19,1
158,HIGHWAY,271,488,104,2,2,125,16,16,1
159,HIGHWAY,299,610,104,2,2,158,18,18,1
160,HIGHWAY,2654,2862,104,2,-2,549,25,35,1
161,HIGHWAY,11195,11411,104,2,-2,1647,43,59,1
162,HIGHWAY,856,1167,104,2,-2,287,22,23,1
163,HIGHWAY,2859,3170,104,-2,-2,622,40,29,1
164,HIGHWAY,3837,4057,104,-2,-2,648,41,25,1
165,HIGHWAY,6026,6325,104,2,2,896,43,32,1
166,HIGHWAY,2773,2993,104,2,2,537,31,27,1
167,HIGHWAY,591,904,104,-2,2,216,20,20,1
168,HIGHWAY,356,667,104,-2,2,173,19,17,1
169,HIGHWAY,16607,16918,104,2,2,1758,52,48,1
170,HIGHWAY,2487,2695,104,-2,-2,524,32,25,1
171,HIGHWAY,3526,3751,104,-2,2,678,27,39,1
172,HIGHWAY,312,623,104,2,-2,162,18,17,1
173,HIGHWAY,10273,10566,104,2,2,1350,35,49,1
174,HIGHWAY,2639,2847,104,-2,-2,549,35,25,1
175,HIGHWAY,340,651,104,2,-2,163,17,19,1
176,HIGHWAY,899,1210,104,2,-2,281,23,24,1
177,HIGHWAY,3258,3508,104,2,-2,598,30,33,1
178,HIGHWAY,3549,3765,104,2,2,700,33,34,1
179,HIGHWAY,8216,8527,104,2,-2,1294,49,43,1
180,HIGHWAY,4513,4744,104,2,2,788,29,46,1
181,HIGHWAY,21453,21761,104,-2,-2,2323,73,60,1
182,HIGHWAY,1202,1516,104,2,-2,314,23,26,1
183,HIGHWAY,1488,1706,104,-2,2,317,24,26,1
184,HIGHWAY,356,667,104,-2,2,173,19,17,1
185,HIGHWAY,1860,2076,104,2,2,427,27,31,1
186,HIGHWAY,2419,2627,104,-2,-2,514,32,25,1
187,HIGHWAY,2658,2866,104,2,-2,549,25,35,1
188,HIGHWAY,7030,7246,104,-2,-2,1102,49,42,1
189,HIGHWAY,649,961,104,2,2,238,20,22,1
190,HIGHWAY,2483,2691,104,-2,-2,524,33,25,1
191,HIGHWAY,3841,4061,104,-2,-2,648,41,25,1
192,HIGHWAY,351,559,104,-2,-2,157,16,16,1
193,HIGHWAY,20541,20756,104,2,2,2296,53,70,1
194,HIGHWAY,1112,1423,104,-2,2,288,25,24,1
195,HIGHWAY,2290,2506,104,2,2,500,32,27,1
196,HIGHWAY,295,606,104,2,2,158,18,18,1
197,HIGHWAY,215,526,104,2,2,140,17,17,1
198,HIGHWAY,1028,1340,104,2,-2,275,26,21,1
199,HIGHWAY,1051,1335,104,2,2,293,23,22,1
200,HIGHWAY,6658,6874,104,2,-2,1002,43,41,1
201,HIGHWAY,383,603,104,-2,-2,150,17,16,1
202,HIGHWAY,556,770,104,2,2,194,18,20,1
203,HIGHWAY,3773,4066,104,-2,-2,718,31,38,1
204,HIGHWAY,327,638,104,2,2,168,18,18,1
205,HIGHWAY,223,534,104,2,2,144,17,17,1
206,HIGHWAY,2789,2997,104,-2,-2,563,35,25,1
207,HIGHWAY,3166,3382,104,-2,-2,643,35,32,1
208,HIGHWAY,2645,2853,104,2,2,549,35,25,1
209,HIGHWAY,41983,42294,104,2,-2,3195,71,71,1
210,HIGHWAY,2721,2929,104,2,2,552,35,25,1
211,HIGHWAY,3241,3457,104,2,-2,687,34,35,1
212,HIGHWAY,847,1158,104,2,2,287,23,22,1
213,HIGHWAY,4921,5219,104,2,2,918,40,41,1
214,HIGHWAY,839,1150,104,2,2,287,23,22,1
215,HIGHWAY,360,580,104,2,-2,148,17,16,1
216,HIGHWAY,11671,11886,104,2,2,1643,49,58,1
217,HIGHWAY,13070,13294,104,2,-2,1379,40,55,1
218,HIGHWAY,5538,5851,104,2,2,900,45,31,1
219,HIGHWAY,355,563,104,-2,-2,157,16,16,1
220,HIGHWAY,503,814,104,2,2,205,19,21,1
221,HIGHWAY,271,488,104,2,2,131,15,17,1
222,HIGHWAY,271,488,104,2,2,125,16,16,1
223,HIGHWAY,299,610,104,2,2,158,18,18,1
224,HIGHWAY,5063,5279,104,-2,2,767,33,44,1
225,HIGHWAY,344,655,104,2,-2,172,18,17,1
226,HIGHWAY,3700,3916,104,-2,-2,722,32,35,1
227,HIGHWAY,3368,3592,104,-2,2,682,23,42,1
228,HIGHWAY,375,595,104,-2,-2,150,17,16,1
229,HIGHWAY,611,922,104,-2,-2,239,20,21,1
230,HIGHWAY,19369,19582,104,-2,-2,2054,57,54,1
231,HIGHWAY,892,1203,104,-2,-2,281,24,23,1
232,HIGHWAY,2896,3112,104,-2,-2,546,31,32,1
233,HIGHWAY,1664,1957,104,-2,2,417,27,29,1
234,HIGHWAY,3114,3407,104,-2,2,677,31,33,1
235,HIGHWAY,599,819,104,-2,-2,190,20,17,1
236,HIGHWAY,352,663,104,2,-2,170,19,19,1
237,HIGHWAY,729,1040,104,2,-2,250,22,22,1
238,HIGHWAY,9969,10198,104,2,2,1423,52,45,1
239,HIGHWAY,9374,9667,104,2,-2,1283,43,44,1
240,HIGHWAY,3828,4048,104,2,-2,648,25,41,1
241,HIGHWAY,7274,7498,104,2,-2,908,45,33,1
242,HIGHWAY,347,575,104,-2,-2,141,18,15,1
243,HIGHWAY,223,431,104,2,2,115,15,14,1
244,HIGHWAY,2764,2984,104,-2,2,537,27,31,1
245,HIGHWAY,2272,2583,104,2,-2,502,32,30,1
246,HIGHWAY,347,555,104,-2,-2,157,16,16,1
247,HIGHWAY,20537,20752,104,2,2,2296,53,70,1
248,HIGHWAY,635,946,104,-2,-2,246,21,19,1
249,HIGHWAY,692,1003,104,2,-2,223,22,19,1
250,HIGHWAY,14113,14424,104,2,-2,2024,72,61,1
251,HIGHWAY,5067,5283,104,-2,2,767,33,44,1
252,HIGHWAY,11150,11366,104,-2,-2,1477,53,43,1
253,HIGHWAY,1527,1838,104,2,-2,387,28,26,1
254,HIGHWAY,6654,6870,104,2,-2,1002,43,41,1
255,HIGHWAY,379,599,104,-2,-2,150,17,16,1
256,HIGHWAY,9382,9675,104,-2,2,1283,43,44,1
257,HIGHWAY,1689,1905,104,-2,2,360,29,23,1
258,HIGHWAY,4855,5071,104,2,-2,832,44,34,1
259,HIGHWAY,3249,3560,104,-2,-2,592,34,28,1
260,HIGHWAY,264,575,104,-2,2,155,18,16,1
261,HIGHWAY,264,575,104,-2,2,155,18,16,1
262,HIGHWAY,4104,4415,104,2,-2,720,43,27,1
263,HIGHWAY,1313,1538,104,-2,-2,314,25,24,1
264,HIGHWAY,1374,1685,104,-2,2,349,24,27,1
265,HIGHWAY,6776,7087,104,2,-2,1176,49,44,1
266,HIGHWAY,320,631,104,-2,2,163,18,17,1
267,HIGHWAY,3224,3440,104,-2,-2,618,27,36,1
268,HIGHWAY,264,575,104,-2,2,155,18,16,1
269,HIGHWAY,264,575,104,-2,2,155,18,16,1
270,HIGHWAY,1348,1567,104,-2,2,307,23,25,1
271,HIGHWAY,1953,2260,104,-2,-2,399,24,30,1
272,HIGHWAY,509,725,104,2,-2,161,18,18,1
273,HIGHWAY,504,815,104,-2,2,201,20,20,1
274,HIGHWAY,595,908,104,2,-2,216,20,20,1
275,HIGHWAY,4479,4790,104,2,2,909,41,45,1
276,HIGHWAY,2956,3172,104,2,2,612,33,34,1
277,HIGHWAY,6611,6837,104,2,-2,866,37,40,1
278,HIGHWAY,896,1207,104,2,2,281,24,23,1
279,HIGHWAY,1584,1813,104,-2,2,394,27,26,1
280,HIGHWAY,3846,4062,104,-2,-2,702,37,32,1
281,HIGHWAY,484,795,104,2,2,199,20,20,1
282,HIGHWAY,348,659,104,-2,2,172,18,17,1
283,HIGHWAY,9386,9679,104,-2,2,1283,43,44,1
284,HIGHWAY,276,587,104,-2,2,161,18,16,1
285,HIGHWAY,272,583,104,-2,2,159,18,16,1
286,HIGHWAY,272,583,104,-2,2,159,18,16,1
287,HIGHWAY,268,579,104,-2,2,157,18,16,1
288,HIGHWAY,11387,11698,104,2,2,1541,49,47,1
289,HIGHWAY,200,424,104,-2,2,104,14,12,1
290,HIGHWAY,2473,2689,104,2,-2,519,26,36,1
291,HIGHWAY,2267,2495,104,2,2,473,30,25,1
292,HIGHWAY,6768,7079,104,2,-2,1176,49,44,1
293,HIGHWAY,464,682,104,2,-2,169,18,18,1
294,HIGHWAY,11381,11692,104,-2,-2,1541,49,47,1
295,HIGHWAY,500,811,104,2,-2,201,20,20,1
296,HIGHWAY,263,574,104,-2,-2,154,16,18,1
297,HIGHWAY,419,730,104,2,2,190,20,18,1
298,HIGHWAY,5427,5738,104,2,2,924,34,44,1
299,HIGHWAY,4992,5208,104,2,2,825,34,41,1
300,HIGHWAY,2541,2749,104,-2,-2,527,32,25,1
301,HIGHWAY,1973,2199,104,2,2,453,30,29,1
302,HIGHWAY,3514,3825,104,-2,2,605,32,32,1
303,HIGHWAY,2907,3150,104,2,-2,589,29,34,1
304,HIGHWAY,13926,14237,104,2,-2,1635,45,56,1
305,HIGHWAY,2911,3154,104,-2,2,589,29,34,1
306,HIGHWAY,344,655,104,-2,2,163,17,19,1
307,HIGHWAY,1441,1657,104,2,2,361,26,21,1
308,HIGHWAY,588,804,104,2,2,192,20,21,1
309,HIGHWAY,10303,10614,104,2,2,1428,36,66,1
310,HIGHWAY,9378,9671,104,-2,2,1283,43,44,1
311,HIGHWAY,1685,1901,104,-2,2,360,29,23,1
312,HIGHWAY,1015,1231,104,-2,2,285,25,21,1
313,HIGHWAY,4463,4756,104,2,2,779,36,32,1
314,HIGHWAY,30948,31173,104,2,-2,3273,82,70,1
315,HIGHWAY,11391,11702,104,2,2,1541,49,47,1
316,HIGHWAY,801,1017,104,-2,2,236,23,21,1
317,HIGHWAY,1644,1904,104,2,-2,404,24,30,1
318,HIGHWAY,1370,1681,104,-2,2,349,24,27,1
319,HIGHWAY,6772,7083,104,2,-2,1176,49,44,1
320,HIGHWAY,8435,8650,104,-2,-2,1067,51,36,1
321,HIGHWAY,480,791,104,2,2,200,20,20,1
322,HIGHWAY,896,1208,104,-2,2,260,24,24,1
323,HIGHWAY,4934,5159,104,-2,2,820,33,43,1
324,HIGHWAY,543,854,104,-2,-2,228,20,19,1
325,HIGHWAY,543,854,104,-2,-2,228,20,19,1
326,HIGHWAY,2349,2574,104,-2,2,531,30,30,1
327,HIGHWAY,1463,1683,104,2,2,324,26,23,1
328,HIGHWAY,5146,5371,104,2,-2,863,31,42,1
329,HIGHWAY,2801,3112,104,2,2,519,30,29,1
330,HIGHWAY,5691,5907,104,2,-2,859,38,39,1
331,HIGHWAY,10524,10839,104,-2,-2,1387,44,59,1
332,HIGHWAY,543,854,104,-2,-2,228,20,19,1
333,HIGHWAY,543,854,104,-2,-2,228,20,19,1
334,HIGHWAY,4022,4254,104,-2,-2,709,37,39,1
335,HIGHWAY,631,943,104,-2,-2,230,22,22,1
336,HIGHWAY,408,616,104,-2,2,156,16,16,1
337,HIGHWAY,282,492,104,-2,2,132,15,15,1
338,HIGHWAY,223,534,104,-2,-2,143,17,17,1
339,HIGHWAY,470,781,104,2,-2,184,19,19,1
340,HIGHWAY,740,1052,104,-2,2,254,23,23,1
341,HIGHWAY,508,718,104,2,2,187,18,19,1
342,HIGHWAY,367,575,104,-2,-2,164,17,16,1
343,HIGHWAY,684,900,104,-2,-2,227,20,22,1
344,HIGHWAY,2417,2728,104,2,2,471,30,28,1
345,HIGHWAY,8321,8634,104,-2,2,1234,51,44,1
346,HIGHWAY,5758,5974,104,2,2,925,46,38,1
347,HIGHWAY,8439,8654,104,-2,-2,1067,51,36,1
348,HIGHWAY,555,866,104,-2,-2,234,20,19,1
349,HIGHWAY,551,862,104,-2,-2,232,20,19,1
350,HIGHWAY,551,862,104,-2,-2,232,20,19,1
351,HIGHWAY,547,858,104,-2,-2,230,20,19,1
352,HIGHWAY,2490,2698,104,2,-2,524,25,33,1
353,HIGHWAY,626,937,104,2,2,224,20,23,1
354,HIGHWAY,2392,2611,104,2,-2,506,27,27,1
355,HIGHWAY,6248,6474,104,2,-2,990,44,43,1
356,HIGHWAY,2793,3104,104,2,2,519,30,29,1
357,HIGHWAY,2937,3248,104,2,2,576,34,28,1
358,HIGHWAY,33094,33402,104,-2,2,2920,69,69,1
359,HIGHWAY,6607,6833,104,-2,2,866,37,40,1
360,HIGHWAY,6661,6877,104,2,2,1002,41,43,1
361,HIGHWAY,3158,3410,104,2,-2,514,29,33,1
362,HIGHWAY,756,1068,104,2,-2,249,22,22,1
363,HIGHWAY,15295,15503,104,2,2,1824,65,45,1
364,HIGHWAY,2071,2382,104,-2,-2,486,29,30,1
365,HIGHWAY,43264,43575,104,2,2,4010,70,92,1
366,HIGHWAY,5533,5846,104,-2,2,900,31,45,1
367,HIGHWAY,10299,10610,104,-2,-2,1428,36,66,1
368,HIGHWAY,5471,5687,104,2,-2,869,37,36,1
369,HIGHWAY,6882,7098,104,2,2,1008,42,34,1
370,HIGHWAY,1949,2260,104,2,2,434,31,27,1
371,HIGHWAY,1593,1904,104,2,2,363,28,24,1
372,HIGHWAY,2946,3257,104,-2,2,575,34,35,1
373,HIGHWAY,1939,2189,104,-2,-2,414,31,22,1
374,HIGHWAY,8431,8646,104,-2,-2,1067,51,36,1
375,HIGHWAY,476,787,104,2,2,200,20,20,1
376,HIGHWAY,1136,1447,104,-2,2,318,20,28,1
377,HIGHWAY,1421,1732,104,-2,-2,356,24,28,1
378,HIGHWAY,3985,4210,104,-2,-2,609,34,28,1
379,HIGHWAY,2494,2702,104,2,-2,524,25,33,1
380,HIGHWAY,2071,2382,104,-2,-2,486,29,30,1
381,HIGHWAY,2473,2784,104,2,2,495,32,28,1
382,HIGHWAY,5142,5367,104,2,-2,863,31,42,1
383,HIGHWAY,2797,3108,104,2,2,519,30,29,1
384,HIGHWAY,276,492,104,-2,-2,121,14,16,1
385,HIGHWAY,3249,3560,104,-2,-2,671,39,32,1
386,HIGHWAY,2634,2851,104,2,2,471,29,27,1
387,HIGHWAY,479,693,104,2,-2,168,19,16,1
388,HIGHWAY,477,721,104,-2,-2,169,19,19,1
389,HIGHWAY,1442,1685,104,-2,-2,346,27,24,1
390,HIGHWAY,13923,14234,104,2,2,1635,56,45,1
391,HIGHWAY,454,765,104,-2,2,181,19,19,1
392,HIGHWAY,1498,1713,104,-2,2,352,27,23,1
393,HIGHWAY,2791,3011,104,2,2,537,31,27,1
394,HIGHWAY,3286,3597,104,2,-2,567,31,34,1
395,HIGHWAY,1055,1366,104,2,2,285,22,25,1
396,HIGHWAY,1650,1961,104,2,-2,405,27,25,1
397,HIGHWAY,2637,2854,104,2,2,529,28,33,1
398,HIGHWAY,223,431,104,-2,-2,116,15,14,1
399,HIGHWAY,25563,25874,104,2,2,2428,64,62,1
400,HIGHWAY,543,757,104,-2,2,193,20,18,1
401,HIGHWAY,1226,1537,104,2,2,346,26,25,1
402,HIGHWAY,1062,1278,104,2,2,318,24,27,1
403,HIGHWAY,831,1143,104,2,2,250,24,23,1
404,HIGHWAY,1972,2284,104,2,-2,457,25,32,1
405,HIGHWAY,755,1067,104,2,2,254,24,24,1
406,HIGHWAY,1292,1603,104,2,-2,346,20,30,1
407,HIGHWAY,747,1059,104,2,2,252,24,23,1
408,HIGHWAY,2610,2921,104,2,-2,496,32,30,1
409,HIGHWAY,6384,6599,104,-2,2,1029,49,43,1
410,HIGHWAY,8992,9285,104,2,-2,1395,59,43,1
411,HIGHWAY,280,496,104,-2,-2,121,14,16,1
412,HIGHWAY,1713,1927,104,2,2,391,25,26,1
413,HIGHWAY,655,953,104,-2,-2,225,19,22,1
414,HIGHWAY,5943,6166,104,-2,-2,1122,48,39,1
415,HIGHWAY,481,725,104,-2,-2,169,19,19,1
416,HIGHWAY,9982,10211,104,-2,2,1423,45,52,1
417,HIGHWAY,513,729,104,-2,2,161,18,18,1
418,HIGHWAY,19380,19593,104,-2,2,2054,54,57,1
419,HIGHWAY,547,761,104,2,-2,193,20,18,1
420,HIGHWAY,2783,3003,104,2,2,537,31,27,1
421,HIGHWAY,412,620,104,2,-2,156,16,16,1
422,HIGHWAY,2649,2857,104,-2,-2,549,35,25,1
423,HIGHWAY,4475,4786,104,-2,-2,909,41,45,1
424,HIGHWAY,4111,4422,104,2,2,720,27,43,1
425,HIGHWAY,13930,14241,104,-2,2,1635,45,56,1
426,HIGHWAY,903,1214,104,-2,2,281,23,24,1
427,HIGHWAY,1299,1610,104,2,2,346,30,20,1
428,HIGHWAY,5896,6109,104,-2,-2,996,39,44,1
429,HIGHWAY,5475,5691,104,-2,2,869,37,36,1
430,HIGHWAY,3832,4052,104,-2,2,648,25,41,1
431,HIGHWAY,1437,1653,104,-2,-2,361,26,21,1
432,HIGHWAY,1295,1606,104,-2,-2,346,30,20,1
433,HIGHWAY,481,701,104,2,2,166,18,18,1
434,HIGHWAY,388,699,104,2,-2,186,18,20,1
435,HIGHWAY,16616,16832,104,-2,-2,2237,61,56,1
436,HIGHWAY,4819,5071,104,2,-2,765,31,39,1
437,HIGHWAY,1790,2016,104,-2,2,446,27,29,1
438,HIGHWAY,272,488,104,-2,-2,121,14,16,1
439,HIGHWAY,3245,3556,104,-2,-2,671,39,32,1
440,HIGHWAY,18927,19147,104,2,2,2222,68,53,1
441,HIGHWAY,2804,3012,104,2,-2,563,25,35,1
442,HIGHWAY,17992,18305,104,2,2,1861,55,54,1
443,HIGHWAY,9986,10215,104,-2,2,1423,45,52,1
444,HIGHWAY,9970,10212,104,-2,2,1150,49,44,1
445,HIGHWAY,372,590,104,2,-2,145,16,16,1
446,HIGHWAY,1494,1709,104,-2,2,352,27,23,1
447,HIGHWAY,2787,3007,104,2,2,537,31,27,1
448,HIGHWAY,2976,3196,104,-2,2,591,27,37,1
449,HIGHWAY,3205,3421,104,-2,2,613,36,33,1
450,HIGHWAY,13357,13581,104,2,2,1618,49,57,1
451,HIGHWAY,16361,16669,104,2,2,2103,59,56,1
452,HIGHWAY,395,706,104,-2,-2,186,20,18,1
453,HIGHWAY,1895,2197,104,2,-2,388,23,26,1
454,HIGHWAY,4507,4723,104,2,-2,730,36,35,1
455,HIGHWAY,688,904,104,2,2,232,20,22,1
456,HIGHWAY,4174,4390,104,-2,-2,742,33,39,1
457,HIGHWAY,1718,2030,104,2,-2,378,30,24,1
458,HIGHWAY,3739,3955,104,-2,2,740,25,45,1
459,HIGHWAY,531,745,104,2,-2,183,19,18,1
460,HIGHWAY,682,993,104,2,-2,255,19,20,1
461,HIGHWAY,12818,13070,104,2,2,1589,56,43,1
462,HIGHWAY,786,1002,104,2,2,238,20,20,1
463,HIGHWAY,1103,1411,104,-2,-2,281,24,24,1
464,HIGHWAY,4471,4782,104,2,2,909,41,45,1
465,HIGHWAY,6259,6476,104,2,2,1028,40,45,1
466,HIGHWAY,2748,2958,104,2,-2,504,30,30,1
467,HIGHWAY,766,1077,104,2,-2,229,23,19,1
468,HIGHWAY,1576,1805,104,-2,2,394,27,26,1
469,HIGHWAY,19365,19579,104,2,-2,2092,58,57,1
470,HIGHWAY,5584,5815,104,2,-2,949,45,39,1
471,HIGHWAY,2663,2871,104,2,2,571,35,25,1
472,HIGHWAY,2088,2399,104,2,-2,460,31,29,1
473,HIGHWAY,3310,3526,104,-2,-2,627,29,38,1
474,HIGHWAY,705,922,104,2,2,210,22,19,1
475,HIGHWAY,2980,3200,104,-2,2,591,27,37,1
476,HIGHWAY,700,916,104,2,2,217,24,20,1
477,HIGHWAY,2798,3109,104,2,-2,636,37,33,1
478,HIGHWAY,696,912,104,2,2,215,24,20,1
479,HIGHWAY,399,710,104,-2,-2,186,20,18,1
480,HIGHWAY,1622,1838,104,-2,-2,330,26,25,1
481,HIGHWAY,2960,3176,104,-2,-2,612,33,34,1
482,HIGHWAY,7866,8082,104,-2,-2,1298,53,49,1
483,HIGHWAY,1976,2288,104,-2,2,457,25,32,1
484,HIGHWAY,1710,2022,104,2,-2,378,30,24,1
485,HIGHWAY,744,1056,104,2,-2,254,23,23,1
486,HIGHWAY,851,1162,104,-2,-2,287,23,22,1
487,HIGHWAY,1580,1809,104,2,-2,394,27,26,1
488,HIGHWAY,11674,11889,104,-2,2,1643,58,49,1
489,HIGHWAY,592,808,104,-2,-2,192,20,21,1
490,HIGHWAY,4517,4748,104,-2,-2,788,29,46,1
491,HIGHWAY,4823,5075,104,-2,2,765,31,39,1
492,HIGHWAY,4343,4559,104,-2,2,749,34,33,1
493,HIGHWAY,2950,3261,104,2,-2,575,34,35,1
494,HIGHWAY,2768,2988,104,2,-2,537,27,31,1
495,HIGHWAY,1681,1897,104,2,-2,360,29,23,1
496,HIGHWAY,1433,1649,104,2,2,361,26,21,1
497,HIGHWAY,868,1170,104,2,2,274,23,23,1
498,HIGHWAY,4683,4899,104,2,-2,796,37,36,1
499,HIGHWAY,6592,6810,104,2,2,869,44,33,1
500,HIGHWAY,1677,1893,104,-2,2,360,29,23,1
501,HIGHWAY,7851,8162,104,-2,-2,1092,44,44,1
502,HIGHWAY,2972,3192,104,-2,2,591,27,37,1
503,HIGHWAY,3201,3417,104,-2,2,613,36,33,1
504,HIGHWAY,268,579,104,-2,2,156,18,16,1
505,HIGHWAY,2744,2952,104,2,-2,567,25,35,1
506,HIGHWAY,264,575,104,-2,2,154,18,16,1
507,HIGHWAY,1626,1842,104,-2,-2,330,26,25,1
508,HIGHWAY,1806,2049,104,-2,-2,436,29,28,1
509,HIGHWAY,2934,3245,104,2,-2,575,34,35,1
510,HIGHWAY,4170,4386,104,-2,-2,742,33,39,1
511,HIGHWAY,1714,2026,104,2,-2,378,30,24,1
