onset_step,count
155,5
159,1
160,2
161,1
163,1
164,2
166,1
167,8
168,1
169,3
170,1
171,6
172,5
173,3
174,4
175,75
176,43
177,28
178,14
179,27
180,3
181,9
182,3
183,8
184,1
185,4
186,2
187,8
189,3
190,2
191,9
192,3
193,4
195,4
196,5
197,22
198,13
199,11
200,8
201,8
202,7
203,12
204,4
205,9
206,5
207,11
208,1
209,16
210,10
211,13
212,6
213,7
214,5
215,7
216,13
217,1
218,1
219,22
220,15
221,5
222,6
223,21
224,7
225,5
226,5
227,50
228,29
229,13
230,10
231,21
232,7
233,3
234,8
235,23
236,12
237,9
238,10
239,16
240,8
241,5
242,7
243,31
244,24
245,17
247,31
248,76
249,47
250,31
251,22
252,76
253,58
254,66
255,44
256,84
257,64
258,54
259,74
260,111
261,76
262,55
263,78
264,148
265,122
266,79
267,77
268,86
269,19
270,47
271,52
272,47
273,86
274,63
275,40
276,69
277,60
278,57
279,28
280,31
281,52
282,48
283,50
284,53
285,50
286,52
287,35
288,37
289,41
290,32
291,43
292,35
293,37
294,35
295,43
296,84
297,79
298,65
299,38
300,29
301,26
302,41
303,30
304,75
305,48
306,37
307,25
308,29
309,57
310,67
311,57
312,57
313,51
314,25
315,30
316,41
317,49
318,30
319,28
320,31
321,13
322,45
323,30
324,38
325,20
326,34
327,25
328,17
329,22
330,29
331,31
332,14
333,17
334,46
335,39
336,37
337,37
338,30
339,24
340,30
341,23
342,31
343,50
344,52
345,42
346,33
347,29
348,33
349,25
350,37
351,28
352,32
353,58
354,47
355,41
356,25
357,38
358,56
359,30
360,23
361,39
362,19
363,10
364,29
365,55
366,18
367,24
368,18
369,31
370,25
371,40
372,42
373,30
374,39
375,28
376,18
377,31
378,20
379,30
380,18
381,23
382,29
383,34
384,22
385,10
386,10
387,21
388,20
389,16
390,17
391,24
392,22
393,20
394,14
395,15
396,34
397,29
398,32
399,32
400,36
401,39
402,27
403,20
404,27
405,24
406,22
407,17
408,32
409,21
410,18
411,8
412,24
413,23
414,9
415,13
416,17
417,12
418,15
419,4
420,17
421,10
422,13
423,13
424,12
425,13
426,21
427,29
428,15
429,21
430,38
431,24
432,33
433,43
434,25
435,28
436,26
437,27
438,30
439,22
440,21
441,26
442,35
443,19
444,18
445,13
446,28
447,31
448,21
449,28
450,21
451,13
452,25
453,28
454,14
455,30
456,20
457,23
458,18
459,20
460,22
461,13
462,17
463,17
464,21
465,19
466,17
467,13
468,12
469,24
470,11
471,23
472,19
473,31
474,22
475,19
476,19
477,18
478,17
479,19
480,18
481,13
482,17
483,18
484,23
485,18
486,13
487,20
488,15
489,11
490,19
491,20
492,18
493,6
494,19
495,23
496,17
497,16
498,18
499,10
500,13
501,7
502,6
503,20
504,18
505,17
506,16
507,19
508,18
509,9
510,11
511,20
512,19
513,21
514,7
515,5
516,8
517,3
518,10
519,11
520,8
522,1
523,8
524,9
525,8
526,3
527,5
528,7
529,18
530,11
531,6
532,10
533,8
534,8
535,7
536,4
537,12
538,13
539,4
540,12
541,18
542,11
543,102
544,108
545,63
546,41
547,113
548,36
549,46
550,16
551,40
552,68
553,54
554,47
555,34
556,31
557,14
558,12
559,14
560,42
561,34
562,30
563,9
564,12
565,18
566,21
567,13
568,21
569,16
570,14
571,13
572,17
573,14
574,14
575,9
576,12
577,16
578,11
579,16
580,10
581,16
582,19
583,17
584,13
585,13
586,15
587,8
588,16
589,23
590,27
591,8
592,9
593,11
594,15
595,22
596,13
597,8
598,12
599,12
600,11
601,17
602,5
603,8
604,9
605,13
606,13
607,7
608,10
609,7
610,13
611,8
612,11
613,8
614,7
615,15
616,15
617,14
618,7
619,8
620,14
621,7
622,3
623,31
624,20
625,9
626,11
627,16
628,17
629,22
630,8
631,15
632,32
633,20
634,27
635,17
636,10
637,21
638,16
639,18
640,20
641,12
642,4
643,19
644,14
645,12
646,9
647,29
648,5
649,8
650,13
651,23
652,11
653,14
654,19
655,16
656,9
657,5
658,23
659,14
660,7
661,5
662,22
663,20
664,9
665,17
666,32
667,14
668,14
669,6
670,23
671,14
672,1
673,12
674,17
675,22
676,12
677,12
678,17
679,9
680,13
681,14
682,13
683,15
684,27
685,17
686,17
687,10
688,32
689,32
690,27
691,14
692,31
693,23
694,22
695,26
696,31
697,35
698,24
699,23
700,15
701,19
702,27
703,23
704,19
705,15
706,18
707,18
708,25
709,21
710,27
711,21
712,9
713,23
714,31
715,14
716,14
717,23
718,19
719,33
720,28
721,14
722,33
723,34
724,18
725,22
726,17
727,23
728,14
729,21
730,22
731,22
732,17
733,15
734,20
735,34
736,29
737,6
738,17
739,19
740,23
741,12
742,39
743,20
744,22
745,14
746,39
747,40
748,23
749,22
750,40
751,21
752,15
753,28
754,24
755,35
756,18
757,22
758,32
759,19
760,16
761,12
762,27
763,19
764,17
765,27
766,22
767,24
768,16
769,20
770,27
771,15
772,8
773,13
774,15
775,21
776,33
777,13
778,20
779,6
780,13
781,9
782,20
783,9
784,26
785,16
786,19
787,21
788,11
789,24
790,17
791,16
792,10
793,25
794,16
795,17
796,11
797,12
798,16
799,15
800,26
801,20
802,22
803,18
804,20
805,11
806,7
807,17
808,12
809,6
810,22
811,18
812,17
813,17
814,33
815,19
816,20
817,19
818,17
819,19
820,17
821,12
822,24
823,23
824,11
825,11
826,9
827,17
828,7
829,13
830,22
831,19
832,7
833,13
834,22
835,14
836,14
837,11
838,20
839,18
840,8
841,15
842,8
843,11
844,17
845,22
846,22
847,20
848,23
849,16
850,18
851,12
852,17
853,14
854,11
855,17
856,15
857,14
858,16
859,20
860,15
861,17
862,17
863,21
864,18
865,18
866,16
867,17
868,16
869,19
870,19
871,20
872,20
873,17
874,28
875,23
876,9
877,14
878,31
879,40
880,24
881,37
882,15
883,33
884,17
885,35
886,21
887,25
888,20
889,18
890,13
891,22
892,20
893,23
894,22
895,12
896,16
897,12
898,20
899,15
900,22
901,17
902,15
903,14
904,10
905,9
906,11
907,17
908,16
909,19
910,19
911,16
912,16
913,11
914,12
915,19
916,16
917,11
918,14
919,16
920,32
921,21
922,17
923,15
924,15
925,8
926,19
927,15
928,23
929,10
930,15
931,20
932,13
933,13
934,7
935,24
936,16
937,10
938,8
939,15
940,12
941,12
942,9
943,18
944,11
945,13
946,24
947,12
948,14
949,19
950,13
951,18
952,14
953,22
954,6
955,11
956,14
957,17
958,17
959,19
960,12
961,12
962,9
963,21
964,11
965,5
966,12
967,11
968,5
969,9
970,7
971,10
972,13
973,8
974,9
975,15
976,7
977,9
978,23
979,15
980,17
981,19
982,22
983,13
984,12
985,9
986,12
987,11
988,11
989,7
990,13
991,9
992,4
993,9
994,8
995,13
996,8
997,7
998,23
999,21
1000,15
1001,7
1002,6
1003,10
1004,10
1005,8
1006,9
1007,9
1008,11
1009,13
1010,12
1011,17
1012,13
1013,13
1014,12
1015,19
1016,23
1017,12
1018,11
1019,16
1020,22
1021,17
1022,9
1023,14
1024,18
1025,10
1026,13
1027,23
1028,17
1029,13
1030,18
1031,23
1032,17
1033,17
1034,14
1035,14
1036,15
1037,15
1038,9
1039,21
1040,13
1041,16
1042,12
1043,20
1044,13
1045,15
1046,9
1047,13
1048,10
1049,8
1050,5
1051,11
1052,20
1053,16
1054,15
1055,21
1056,12
1057,17
1058,12
1059,11
1060,17
1061,29
1062,9
1063,13
1064,5
1065,9
1066,8
1067,13
1068,14
1069,13
1070,11
1071,14
1072,13
1073,13
1074,10
1075,10
1076,20
1077,20
1078,23
1079,17
1080,11
1081,15
1082,14
1083,23
1084,11
1085,18
1086,11
1087,8
1088,10
1089,17
1090,15
1091,12
1092,11
1093,5
1094,5
1095,8
1096,14
1097,17
1098,9
1099,11
1100,11
1101,7
1102,15
1103,17
1104,10
1105,15
1106,15
1107,13
1108,13
1109,22
1110,19
1111,13
1112,17
1113,17
1114,11
1115,10
1116,20
1117,12
1118,20
1119,15
1120,9
1121,11
1122,13
1123,8
1124,13
1125,22
1126,13
1127,11
1128,14
1129,20
1130,20
1131,22
1132,16
1133,27
1134,8
1135,11
1136,9
1137,31
1138,12
1139,16
1140,11
1141,11
1142,10
1143,9
1144,9
1145,9
1146,11
1147,17
1148,11
1149,13
1150,11
1151,15
1152,22
1153,12
1154,10
1155,8
1156,10
1157,6
1158,10
1159,13
1160,18
1161,13
1162,6
1163,4
1164,6
1165,10
1166,11
1167,8
1168,14
1169,3
1170,9
1171,12
1172,11
1173,15
1174,21
1175,10
1176,19
1177,16
1178,9
1179,7
1180,9
1181,8
1182,11
1183,14
1184,16
1185,10
1186,13
1187,8
1188,9
1189,17
1190,5
1191,5
1192,12
1193,14
1194,9
1195,8
1196,12
1197,6
1198,10
1199,11
1200,8
1201,22
1202,17
1203,11
1204,7
1205,6
1206,8
1207,4
1208,10
1209,7
1210,12
1211,1
1212,6
1213,4
1214,1
1215,4
1216,10
1217,11
1218,6
1219,12
1220,13
1221,11
1222,11
1223,11
1224,12
1225,18
1226,9
1227,10
1228,10
1229,7
1230,7
1231,15
1232,12
1233,13
1234,11
1235,4
1236,8
1237,14
1238,6
1239,7
1240,15
1241,9
1242,10
1243,6
1244,7
1245,5
1246,4
1247,13
1248,9
1249,13
1250,10
1251,18
1252,10
1253,15
1254,5
1255,15
1256,12
1257,15
1258,15
1259,18
1260,9
1261,14
1262,13
1263,11
1264,10
1265,17
1266,15
1267,12
1268,14
1269,7
1270,1
1271,14
1272,21
1273,13
1274,20
1275,11
1276,13
1277,8
1278,11
1279,7
1280,9
1281,8
1282,11
1283,2
1284,11
1285,7
1286,4
1287,19
1288,9
1289,15
1290,7
1291,11
1292,18
1293,6
1294,4
1295,7
1296,6
1297,7
1298,4
1299,13
1300,13
1301,10
1302,7
1303,10
1304,7
1305,8
1306,10
1307,17
1308,3
1309,11
1310,9
1311,11
1312,17
1313,16
1314,6
1315,7
1316,11
1317,11
1318,6
1319,8
1320,7
1321,19
1322,14
1323,7
1324,12
1325,10
1326,17
1327,10
1328,8
1329,3
1330,4
1331,7
1332,10
1333,7
1334,2
1335,8
1336,9
1337,5
1338,2
1339,5
1340,6
1341,6
1342,11
1343,6
1344,16
1345,13
1346,3
1347,7
1348,8
1349,3
1350,2
1351,15
1352,10
1353,20
1354,12
1355,15
1356,14
1357,20
1358,6
1359,14
1360,7
1361,3
1362,1
1363,5
1364,3
1365,21
1366,8
1367,3
1368,10
1369,4
1370,5
1371,16
1372,9
1373,9
1374,6
1375,11
1376,10
1377,17
1378,14
1379,19
1380,11
1381,18
1382,9
1383,15
1384,8
1385,8
1386,10
1387,3
1388,4
1389,8
1390,6
1391,1
1392,3
1393,11
1394,3
1395,12
1396,7
1397,5
1398,7
1399,7
1400,10
1401,11
1402,8
1403,13
1404,12
1405,14
1406,11
1407,9
1408,11
1409,12
1410,11
1411,5
1412,12
1413,8
1414,14
1415,11
1416,15
1417,9
1418,15
1419,15
1420,2
1421,4
1422,9
1423,13
1424,10
1425,10
1426,9
1427,13
1428,9
1429,14
1430,12
1431,10
1432,15
1433,7
1434,5
1435,19
1436,7
1437,12
1438,6
1439,5
1440,6
1441,11
1442,3
1443,8
1444,7
1445,4
1446,9
1447,7
1448,6
1449,8
1450,9
1451,14
1452,5
1453,8
1454,8
1455,15
1456,10
1457,10
1458,10
1459,10
1460,7
1461,7
1462,6
1463,8
1464,7
1465,7
1466,12
1467,12
1468,7
1469,6
1470,5
1471,8
1472,6
1473,8
1474,4
1475,2
1476,1
1478,5
1479,4
1480,3
1481,4
1482,5
1483,7
1484,11
1485,9
1486,6
1487,6
1488,5
1489,6
1490,10
1491,6
1492,3
1493,9
1494,7
1495,8
1496,5
1497,3
1499,5
1500,3
1501,3
1502,14
1503,11
1504,4
1505,5
1506,7
1507,10
1508,6
1509,5
1510,4
1511,8
1512,11
1513,11
1514,11
1515,8
1516,8
1517,5
1518,4
1519,9
1520,13
1521,7
1522,11
1523,9
1524,8
1525,16
1526,19
1527,15
1528,13
1529,7
1530,4
1531,8
1532,9
1533,15
1534,8
1535,16
1536,8
1537,9
1538,15
1539,13
1540,9
1541,9
1542,6
1543,5
1544,5
1545,4
1546,3
1547,11
1548,10
1549,5
1550,9
1551,15
1552,10
1553,5
1554,7
1555,15
1556,4
1557,8
1558,11
1559,15
1560,7
1561,4
1562,14
1563,6
1564,7
1565,9
1566,1
1567,2
1568,9
1569,4
1570,2
1571,3
1572,9
1573,5
1574,10
1575,9
1576,8
1577,12
1578,11
1579,11
1580,7
1581,4
1583,12
1584,9
1585,3
1586,7
1587,7
1588,12
1589,8
1590,8
1591,7
1592,11
1593,3
1594,3
1595,4
1596,2
1597,8
1598,4
1599,10
1600,12
1601,18
1602,6
1603,6
1604,8
1605,3
1606,3
1607,6
1608,4
1609,13
1610,3
1611,3
1612,2
1613,15
1614,11
1615,5
1616,11
1617,14
1618,9
1619,10
1620,5
1621,10
1622,8
1623,2
1624,5
1625,6
1626,10
1627,10
1628,4
1629,11
1630,3
1631,5
1632,3
1633,5
1634,5
1636,10
1637,5
1638,13
1639,9
1640,9
1641,7
1642,6
1643,9
1644,9
1645,11
1646,4
1647,8
1648,6
1649,5
1650,7
1651,4
1652,6
1653,3
1654,6
1655,4
1656,4
1657,11
1658,9
1659,11
1660,6
1661,12
1662,7
1663,9
1664,3
1665,12
1666,10
1667,5
1668,3
1669,7
1670,6
1671,6
1672,7
1673,7
1674,6
1675,12
1676,6
1677,14
1678,15
1679,18
1680,6
1681,7
1682,9
1683,10
1684,7
1686,7
1687,10
1688,10
1689,4
1690,10
1691,6
1692,7
1693,12
1694,4
1695,12
1696,7
1697,6
1698,6
1699,2
1700,8
1701,4
1702,7
1703,7
1704,10
1705,8
1706,7
1707,11
1708,11
1709,9
1710,9
1711,4
1712,16
1713,14
1714,7
1715,4
1716,4
1717,4
1718,10
1719,8
1720,3
1721,10
1722,13
1723,15
1724,4
1725,6
1726,6
1727,4
1728,3
1729,1
1730,11
1731,16
1732,10
1733,8
1734,11
1735,6
1736,7
1737,7
1738,8
1739,3
1740,4
1741,9
1742,3
1743,4
1744,8
1745,9
1746,11
1747,7
1748,8
1749,8
1750,10
1751,7
1752,5
1753,4
1754,7
1755,11
1756,10
1757,12
1758,10
1759,7
1760,2
1762,8
1763,2
1764,6
1765,8
1766,3
1767,6
1768,8
1769,10
1770,7
1771,6
1772,3
1773,5
1774,7
1775,9
1776,13
1777,11
1778,7
1779,6
1780,1
1781,5
1782,17
1783,9
1784,11
1785,2
1786,8
1787,15
1788,10
1789,16
1790,13
1791,10
1792,7
1793,16
1794,15
1795,10
1796,13
1797,7
1798,11
1799,4
1800,8
1801,3
1802,7
1803,2
1804,7
1805,5
1806,5
1807,4
1808,4
1809,6
1810,3
1811,8
1812,5
1813,7
1814,7
1815,6
1816,3
1817,20
1818,5
1819,6
1820,5
1821,8
1822,8
1823,7
1824,14
1825,11
1826,5
1827,10
1828,7
1829,17
1830,6
1831,4
1832,8
1833,3
1834,4
1835,8
1836,7
1837,11
1838,11
1839,6
1840,6
1841,7
1842,7
1843,14
1844,3
1845,4
1846,3
1847,6
1848,4
1849,6
1850,5
1851,7
1852,8
1853,7
1854,8
1855,6
1856,8
1857,1
1858,6
1859,9
1860,7
1861,9
1862,11
1863,4
1864,7
1865,7
1866,3
1867,7
1868,3
1869,4
1870,5
1871,6
1872,8
1873,5
1874,5
1875,5
1876,4
1877,8
1878,4
1879,6
1880,12
1881,7
1882,8
1883,9
1884,5
1885,16
1886,9
1887,15
1888,10
1889,12
1890,8
1891,6
1892,12
1893,4
1894,8
1895,7
1896,10
1897,3
1898,10
1899,10
1900,7
1901,2
1902,4
1903,4
1904,5
1905,8
1906,5
1907,7
1908,2
1909,5
1910,6
1911,6
1912,8
1913,8
1914,6
1915,4
1916,9
1917,7
1918,4
1919,11
1920,4
1921,9
1922,3
1923,7
1924,2
1925,1
1926,3
1927,6
1928,9
1929,3
1930,1
1931,8
1932,3
1933,5
1934,4
1935,15
1936,6
1937,10
1938,1
1939,14
1940,8
1941,3
1942,7
1943,7
1944,4
1945,3
1946,7
1947,7
1948,8
1949,6
1950,10
1951,5
1952,4
1953,7
1954,7
1955,11
1956,4
1957,4
1958,5
1959,3
1960,7
1961,5
1962,5
1963,8
1964,9
1965,9
1966,8
1967,6
1968,9
1969,4
1970,2
1971,2
1972,8
1973,9
1974,10
1975,8
1976,7
1977,2
1978,6
1979,10
1980,7
1981,8
1982,4
1983,12
1984,6
1985,6
1986,4
1987,7
1988,5
1989,4
1990,7
1991,4
1992,6
1993,3
1994,11
1995,7
1996,9
1997,6
1998,11
1999,7
2000,7
2001,4
2002,3
2003,7
2004,6
2005,10
2006,10
2007,1
2008,4
2009,4
2010,8
2011,6
2012,7
2013,9
2014,10
2015,11
2016,6
2017,14
2018,5
2019,13
2020,10
2021,5
2022,4
2023,2
2024,5
2025,4
2026,5
2027,3
2028,3
2029,10
2030,5
2031,8
2032,4
2033,6
2034,4
2035,10
2036,2
2037,4
2038,5
2039,1
2040,3
2041,3
2042,4
2043,5
2044,3
2045,3
2046,7
2047,8
2048,3
2049,5
2050,5
2051,13
2052,9
2053,7
2054,10
2055,20
2056,6
2057,9
2058,6
2059,3
2060,8
2061,4
2062,5
2063,4
2064,4
2065,10
2066,8
2067,3
2068,7
2069,5
2070,11
2071,8
2072,7
2073,11
2074,7
2075,1
2076,3
2077,15
2078,8
2079,16
2080,5
2081,8
2082,10
2083,5
2084,8
2085,12
2086,11
2087,7
2088,10
2089,10
2090,15
2091,4
2092,3
2093,4
2094,7
2095,4
2096,10
2097,4
2098,7
2099,7
2100,8
2101,8
2102,10
2103,9
2104,12
2105,4
2106,6
2107,7
2108,3
2109,9
2110,6
2111,7
2112,9
2113,7
2114,5
2115,9
2116,5
2118,3
2119,8
2120,4
2121,6
2122,4
2123,7
2124,10
2125,4
2126,10
2127,8
2128,16
2129,9
2130,9
2131,3
2132,13
2133,10
2134,11
2135,9
2136,10
2137,7
2138,10
2139,8
2140,12
2141,12
2142,5
2143,7
2144,2
2145,4
2146,9
2147,4
2148,7
2149,11
2150,6
2151,6
2152,6
2153,6
2154,5
2156,1
2157,3
2158,5
2159,11
2160,1
2161,5
2162,5
2163,2
2164,6
2165,6
2166,8
2167,3
2168,9
2169,3
2170,4
2171,1
2172,4
2173,2
2174,5
2175,7
2176,7
2177,9
2178,3
2179,9
2180,6
2181,5
2182,1
2183,4
2184,2
2185,5
2186,5
2187,4
2188,1
2189,9
2190,3
2192,2
2193,2
2194,7
2195,8
2196,8
2197,7
2198,6
2199,6
2200,5
2201,7
2202,2
2203,1
2204,2
2205,4
2206,2
2207,10
2208,6
2209,1
2210,3
2211,9
2212,5
2213,4
2214,3
2215,2
2216,8
2217,4
2218,5
2219,8
2220,7
2221,4
2222,3
2223,7
2224,12
2225,9
2226,6
2227,2
2228,4
2229,8
2230,4
2231,8
2232,5
2233,5
2234,1
2235,3
2236,8
2237,7
2238,1
2239,5
2240,6
2241,7
2242,5
2243,6
2244,13
2245,7
2246,6
2247,5
2248,3
2249,5
2250,6
2251,8
2252,8
2253,2
2254,9
2255,8
2256,7
2257,3
2258,4
2259,9
2260,5
2261,2
2262,4
2263,6
2264,1
2265,8
2266,2
2267,3
2268,8
2269,4
2270,5
2271,7
2272,5
2273,5
2274,7
2275,6
2276,8
2277,5
2278,1
2279,1
2281,9
2282,3
2283,3
2284,8
2285,3
2286,6
2287,8
2288,7
2289,11
2290,3
2291,7
2292,1
2293,2
2294,8
2295,10
2296,5
2297,2
2298,3
2299,3
2300,4
2301,9
2302,1
2303,6
2304,6
2306,8
2307,6
2308,2
2309,5
2310,5
2311,2
2312,13
2313,1
2314,2
2315,2
2316,5
2317,3
2318,2
2319,7
2320,2
2321,16
2322,6
2323,6
2324,13
2325,9
2326,6
2327,3
2328,4
2329,3
2330,4
2331,5
2332,6
2333,8
2334,4
2335,4
2336,2
2337,9
2338,10
2339,9
2340,6
2341,14
2342,4
2343,8
2344,6
2345,2
2346,4
2347,5
2348,6
2349,1
2350,2
2351,8
2352,6
2353,8
2354,6
2355,5
2356,2
2357,4
2358,5
2359,4
2360,1
2361,8
2362,13
2363,7
2364,8
2365,8
2366,12
2367,5
2368,3
2369,3
2370,6
2371,9
2372,8
2373,4
2374,10
2375,4
2376,8
2377,6
2378,7
2379,5
2380,8
2381,4
2382,5
2383,4
2384,8
2385,9
2386,9
2387,7
2388,8
2389,4
2390,10
2391,7
2392,10
2393,8
2394,15
2395,5
2396,8
2397,7
2398,2
2399,6
2400,6
2401,8
2402,5
2403,6
2404,11
2405,5
2406,3
2407,6
2408,3
2409,5
2410,6
2411,8
2412,12
2413,7
2416,7
2417,6
2418,6
2419,3
2420,2
2421,4
2422,10
2423,6
2424,4
2425,2
2426,8
2427,8
2428,6
2429,8
2430,4
2431,8
2432,8
2433,16
2434,3
2435,1
2436,3
2437,5
2438,5
2439,4
2440,6
2441,3
2442,14
2443,5
2444,3
2445,6
2446,3
2447,7
2448,8
2449,3
2450,9
2451,7
2452,5
2453,14
2454,5
2455,12
2456,7
2457,9
2458,7
2459,5
2460,2
2461,7
2462,8
2463,4
2464,3
2465,9
2466,8
2467,7
2468,1
2469,6
2470,7
2471,9
2472,4
2473,7
2475,6
2476,6
2477,13
2478,2
2479,7
2480,4
2481,3
2482,6
2483,8
2484,6
2485,12
2486,8
2487,3
2488,7
2489,4
2490,5
2491,4
2492,6
2493,5
2494,3
2495,5
2496,2
2497,9
2498,8
2499,11
2500,9
2501,6
2502,13
2503,9
2504,3
2505,3
2506,8
2507,2
2508,5
2509,9
2510,7
2511,3
2512,8
2513,3
2514,2
2515,5
2516,2
2517,9
2518,8
2519,13
2520,7
2521,7
2522,6
2523,4
2524,8
2525,5
2526,5
2527,9
2528,5
2529,8
2530,7
2531,2
2532,6
2533,8
2534,4
2535,1
2536,3
2537,7
2538,2
2539,5
2540,4
2541,5
2542,4
2543,8
2544,5
2545,4
2546,1
2547,3
2548,5
2549,3
2550,6
2551,7
2552,7
2553,8
2554,6
2555,6
2556,8
2557,3
2559,7
2560,5
2561,9
2562,9
2563,6
2564,7
2565,5
2566,7
2567,7
2568,6
2569,5
2570,4
2571,8
2572,6
2573,2
2574,6
2576,6
2577,6
2578,7
2579,5
2580,6
2581,2
2582,3
2583,4
2584,9
2585,6
2586,7
2587,9
2588,2
2589,6
2590,9
2591,6
2592,6
2593,10
2594,9
2595,11
2596,5
2597,7
2598,4
2599,8
2600,1
2601,5
2602,7
2603,9
2604,8
2605,4
2606,8
2607,6
2608,4
2609,11
2610,8
2611,11
2612,6
2613,6
2614,7
2615,7
2616,3
2617,8
2618,3
2619,6
2620,6
2621,7
2622,4
2623,10
2624,8
2625,7
2626,12
2627,6
2628,13
2629,7
2630,11
2631,7
2632,7
2633,5
2634,10
2635,4
2636,9
2637,4
2638,2
2639,5
2640,2
2641,7
2642,6
2643,11
2644,11
2645,2
2646,4
2647,7
2648,8
2649,4
2650,7
2651,7
2652,12
2653,15
2654,4
2655,10
2656,4
2657,14
2658,5
2659,2
2660,3
2661,8
2662,13
2663,12
2664,15
2665,6
2666,8
2667,9
2668,3
2669,8
2670,4
2671,7
2672,12
2673,9
2674,1
2675,1
2676,5
2677,8
2678,4
2679,2
2680,3
2681,1
2682,9
2683,5
2684,11
2685,3
2686,5
2687,6
2688,2
2689,6
2690,5
2691,8
2692,5
2693,8
2694,3
2695,8
2697,3
2698,3
2699,2
2700,1
2701,2
2702,3
2703,6
2704,2
2705,1
2706,7
2707,7
2708,1
2709,6
2710,5
2711,9
2712,3
2713,10
2714,10
2715,7
2716,7
2717,9
2718,5
2719,5
2720,9
2721,5
2722,11
2723,3
2724,1
2725,9
2726,9
2727,11
2728,11
2729,13
2730,13
2731,9
2732,5
2733,7
2734,4
2735,3
2736,9
2737,11
2738,13
2739,6
2740,4
2741,1
2742,6
2743,2
2744,4
2745,8
2746,1
2747,8
2748,8
2749,3
2750,7
2751,4
2752,7
2753,14
2754,6
2755,4
2756,9
2757,5
2758,5
2759,1
2760,3
2761,10
2762,7
2763,6
2764,7
2765,4
2766,4
2767,4
2768,6
2769,5
2770,1
2771,4
2772,2
2773,3
2775,4
2776,6
2777,9
2778,3
2779,3
2780,4
2781,7
2782,9
2783,5
2784,8
2785,4
2786,8
2787,4
2788,1
2789,4
2790,3
2791,13
2792,9
2793,6
2794,11
2795,4
2796,6
2797,6
2798,4
2799,11
2800,10
2801,5
2802,11
2803,4
2804,6
2805,5
2806,7
2807,4
2808,5
2809,3
2810,5
2812,1
2813,4
2814,2
2815,2
2816,1
2817,7
2818,8
2819,11
2820,9
2821,1
2822,2
2823,3
2824,8
2825,6
2826,4
2827,4
2828,4
2829,4
2830,7
2831,9
2832,6
2833,3
2834,2
2835,8
2836,3
2837,3
2838,3
2839,6
2840,2
2841,2
2842,3
2843,4
2844,9
2845,8
2846,9
2847,6
2848,3
2849,7
2850,3
2851,9
2852,8
2853,4
2854,5
2855,9
2856,2
2857,7
2858,4
2859,8
2860,2
2861,2
2862,2
2863,6
2864,3
2865,4
2866,6
2867,5
2868,10
2869,6
2870,6
2871,8
2872,2
2873,1
2874,3
2875,2
2876,7
2877,3
2878,3
2879,2
2880,8
2881,5
2882,10
2883,10
2884,1
2885,3
2886,4
2887,10
2888,6
2889,11
2890,7
2891,3
2892,4
2893,5
2894,6
2895,10
2896,10
2897,3
2898,7
2899,6
2900,4
2901,6
2902,3
2903,4
2904,4
2905,2
2906,3
2907,1
2908,4
2909,3
2910,9
2911,12
2912,7
2913,2
2914,9
2915,8
2916,9
2917,3
2918,1
2919,1
2920,5
2921,10
2922,4
2923,4
2924,1
2925,8
2926,6
2927,4
2928,4
2929,9
2930,6
2931,4
2932,6
2933,2
2934,3
2935,4
2936,6
2937,3
2938,11
2939,11
2940,4
2941,6
2942,9
2943,5
2944,4
2945,6
2946,9
2947,8
2948,4
2949,2
2950,7
2951,7
2952,2
2953,1
2954,3
2955,5
2956,2
2957,5
2958,4
2959,2
2960,1
2961,5
2962,5
2963,3
2964,6
2965,4
2966,3
2967,10
2968,4
2969,7
2970,4
2971,1
2972,9
2973,10
2974,8
2975,6
2976,3
2977,10
2978,5
2979,5
2980,5
2981,5
2982,8
2983,3
2984,7
2985,6
2986,1
2987,3
2988,5
2989,10
2990,10
2991,6
2992,3
2993,4
2994,4
2995,7
2996,5
2997,3
2998,3
2999,7
3000,10
3001,3
3002,2
3003,1
3004,2
3005,4
3006,11
3007,4
3008,3
3009,1
3010,3
3011,2
3012,10
3013,5
3014,6
3015,6
3016,9
3017,6
3018,4
3019,7
3020,6
3021,5
3022,6
3023,1
3024,4
3025,8
3026,6
3027,6
3028,7
3030,2
3031,5
3032,4
3033,3
3034,8
3035,3
3036,7
3037,8
3038,5
3039,1
3040,7
3041,4
3042,9
3043,7
3044,7
3045,13
3046,1
3047,5
3048,2
3049,2
3050,4
3051,10
3052,5
3053,5
3054,9
3055,6
3056,6
3057,5
3058,7
3059,1
3060,2
3061,8
3062,2
3063,2
3064,2
3065,6
3066,4
3067,8
3068,5
3069,1
3070,3
3071,4
3072,3
3073,5
3074,6
3075,9
3076,1
3077,4
3078,3
3079,6
3080,7
3081,6
3082,3
3083,10
3084,11
3085,1
3086,1
3087,2
3088,4
3089,1
3090,1
3091,1
3092,6
3093,6
3094,2
3095,9
3096,5
3097,2
3098,3
3099,2
3100,1
3101,5
3103,2
3105,2
3106,3
3107,2
3108,2
3109,3
3110,2
3111,1
3112,8
3113,4
3114,5
3115,1
3116,1
3118,1
3119,1
3120,4
3121,2
3123,7
3125,2
3127,4
3129,2
3130,2
3131,1
3132,3
3135,1
3136,2
3137,4
3138,5
3139,1
3140,1
3141,2
3142,3
3143,5
3144,5
3145,6
3146,9
3147,2
3148,4
3149,6
3150,4
3151,2
3152,6
3153,9
3154,5
3155,3
3156,5
3157,12
3158,1
3159,6
3160,4
3161,3
3162,3
3163,3
3164,4
3165,4
3166,5
3167,6
3168,5
3169,3
3170,8
3171,6
3172,1
3173,4
3174,2
3175,3
3176,9
3177,3
3178,7
3179,4
3180,7
3181,6
3182,7
3183,7
3184,2
3186,3
3187,1
3188,1
3189,3
3190,7
3191,4
3193,1
3194,2
3195,3
3196,4
3197,3
3198,13
3199,5
3200,4
3201,2
3203,1
3204,3
3205,6
3206,5
3207,6
3208,5
3209,6
3210,1
3211,2
3212,7
3213,6
3214,8
3215,7
3217,3
3218,4
3219,8
3220,2
3221,1
3222,3
3223,5
3224,6
3225,10
3226,1
3227,4
3228,2
3229,5
3230,5
3231,1
3232,4
3233,2
3234,5
3235,2
3236,4
3237,7
3238,4
3239,2
3240,2
3241,7
3242,6
3243,8
3244,2
3245,2
3246,2
3247,2
3248,3
3249,5
3250,4
3251,3
3252,6
3253,10
3254,6
3255,6
3256,4
3257,5
3258,5
3259,2
3260,5
3261,5
3262,6
3263,1
3264,8
3265,2
3266,3
3267,6
3268,4
3269,7
3270,1
3271,2
3272,4
3273,2
3274,2
3275,2
3276,4
3277,9
3278,10
3279,6
3280,6
3282,5
3283,2
3284,7
3285,8
3286,5
3287,2
3288,7
3289,9
3290,5
3291,7
3292,8
3293,8
3294,8
3295,8
3296,10
3297,6
3298,2
3299,1
3300,3
3301,3
3302,9
3303,7
3305,1
3306,8
3307,8
3308,7
3309,3
3310,3
3311,9
3312,4
3313,3
3314,3
3315,5
3316,4
3317,6
3318,2
3319,1
3320,4
3321,3
3322,11
3323,3
3324,2
3325,4
3326,2
3327,1
3328,2
3330,1
3331,3
3332,5
3333,3
3334,1
3335,3
3336,2
3337,4
3338,3
3339,5
3340,2
3341,3
3342,2
3343,3
3345,2
3346,5
3347,4
3348,5
3349,4
3353,4
3354,2
3355,3
3356,3
3357,6
3358,2
3359,1
3360,7
3361,2
3362,2
3364,4
3365,1
3366,11
3367,2
3368,2
3369,1
3371,2
3373,3
3374,1
3377,5
3378,4
3379,2
3380,7
3381,5
3382,5
3383,2
3384,2
3385,3
3386,2
3387,1
3388,2
3389,4
3390,2
3391,5
3392,6
3393,1
3394,2
3395,4
3396,3
3398,2
3402,3
3403,3
3404,2
3405,2
3406,5
3407,7
3408,4
3409,4
3410,3
3411,5
3412,6
3413,2
3414,9
3416,6
3418,3
3419,4
3420,5
3421,2
3422,6
3423,8
3424,5
3425,4
3426,7
3427,5
3428,4
3429,6
3430,5
3431,2
3432,4
3433,4
3434,4
3435,5
3436,6
3437,3
3438,4
3439,4
3440,5
3441,2
3442,3
3443,4
3444,7
3445,3
3446,4
3447,2
3448,5
3449,13
3450,5
3451,12
3452,4
3453,2
3454,4
3455,2
3456,1
3457,6
3458,6
3459,7
3460,3
3461,4
3462,1
3463,12
3464,9
3465,2
3466,5
3467,7
3468,4
3469,1
3470,5
3471,9
3472,6
3473,8
3474,7
3475,4
3476,6
3477,2
3478,4
3479,6
3480,5
3481,3
3484,6
3485,5
3486,1
3487,2
3488,1
3489,1
3490,4
3491,7
3492,5
3493,2
3494,2
3495,3
3496,3
3497,4
3498,2
3500,11
3501,3
3502,8
3503,1
3504,6
3505,6
3506,4
3507,7
3508,5
3509,5
3510,2
3511,2
3512,2
3513,5
3514,5
3515,5
3516,3
3517,4
3518,2
3519,4
3520,3
3521,3
3523,1
3524,1
3525,3
3526,1
3528,1
3529,3
3530,4
3531,1
3532,1
3533,1
3534,3
3535,2
3536,4
3537,3
3538,2
3539,4
3540,4
3542,2
3543,2
3545,3
3547,5
3548,4
3549,6
3550,5
3551,1
3552,1
3553,4
3554,2
3555,5
3556,5
3557,6
3558,2
3559,7
3560,6
3561,7
3562,5
3563,10
3564,8
3565,3
3566,1
3567,5
3568,12
3569,5
3570,7
3571,4
3572,5
3573,11
3574,6
3575,4
3576,3
3577,7
3578,5
3579,7
3580,3
3581,5
3582,10
3583,2
3584,2
3586,1
3588,8
3589,1
3590,7
3591,2
3592,4
3593,5
3594,1
3596,1
3597,4
3598,3
3599,5
3600,9
3602,2
3603,1
3605,1
3606,3
3607,2
3608,1
3609,4
3610,4
3611,6
3612,4
3615,3
3616,1
3617,2
3618,4
3619,6
3620,1
3621,2
3622,1
3623,1
3624,3
3625,7
3626,3
3627,5
3628,2
3629,1
3631,5
3632,3
3633,2
3634,3
3636,2
3637,1
3638,1
3639,2
3640,3
3641,1
3642,4
3643,7
3644,1
3646,1
3648,2
3650,2
3651,3
3652,6
3653,3
3654,1
3655,1
3656,8
3657,2
3658,5
3659,3
3660,3
3662,1
3663,4
3664,4
3665,2
3666,6
3667,11
3668,7
3669,1
3670,2
3671,3
3672,2
3673,2
3674,2
3675,4
3676,3
3677,3
3678,2
3679,3
3680,2
3681,2
3682,3
3683,4
3684,1
3686,2
3687,3
3688,8
3689,4
3690,2
3691,2
3692,4
3693,3
3694,3
3695,3
3696,4
3697,3
3698,4
3699,11
3700,3
3701,6
3702,2
3703,3
3704,4
3705,3
3706,3
3707,6
3708,3
3710,2
3711,1
3712,5
3713,1
3714,4
3715,11
3716,1
3717,1
3718,4
3719,5
3720,2
3721,4
3722,2
3723,4
3724,4
3725,4
3726,5
3727,1
3729,3
3730,1
3731,6
3732,3
3733,5
3734,9
3735,3
3736,3
3737,1
3738,3
3739,5
3740,1
3741,4
3742,3
3743,5
3744,5
3745,2
3746,2
3749,1
3750,2
3751,6
3752,3
3754,2
3755,4
3757,1
3758,1
3761,3
3762,1
3764,2
3765,6
3767,2
3768,5
3769,3
3770,7
3771,1
3772,1
3773,3
3774,3
3775,2
3777,3
3778,3
3779,2
3780,3
3781,8
3782,4
3783,3
3786,1
3787,1
3789,2
3790,1
3791,6
3792,1
3793,2
3794,3
3795,6
3796,2
3797,3
3798,6
3800,2
3801,4
3802,1
3803,1
3804,6
3805,3
3806,2
3807,3
3808,8
3809,4
3810,8
3811,1
3812,3
3814,8
3815,8
3816,8
3817,3
3819,4
3820,2
3821,4
3822,4
3824,3
3825,4
3826,7
3827,5
3828,5
3829,6
3830,2
3831,5
3832,6
3833,2
3834,10
3835,4
3837,9
3838,6
3839,7
3840,6
3841,5
3843,1
3844,4
3845,2
3846,6
3847,3
3848,2
3849,2
3850,6
3851,1
3852,3
3853,4
3854,5
3855,3
3856,2
3857,1
3858,3
3859,7
3860,7
3861,1
3862,5
3863,1
3864,3
3865,7
3866,1
3867,6
3868,4
3869,5
3871,5
3872,3
3873,7
3874,1
3875,6
3876,5
3877,1
3878,9
3879,2
3880,6
3881,6
3882,5
3883,10
3884,11
3885,3
3886,3
3887,1
3888,5
3889,5
3890,6
3891,3
3892,8
3893,6
3894,6
3895,9
3896,6
3897,6
3898,2
3899,2
3901,4
3902,2
3903,1
3905,5
3907,1
3908,1
3909,1
3910,3
3911,5
3912,7
3913,6
3915,1
3917,3
3918,6
3919,2
3920,2
3921,6
3922,4
3923,2
3924,5
3925,3
3926,2
3927,1
3928,2
3929,3
3930,3
3931,2
3932,2
3933,2
3934,4
3936,3
3937,1
3938,4
3939,2
3940,8
3941,7
3942,5
3943,11
3944,7
3945,4
3946,6
3947,1
3949,4
3950,1
3951,3
3952,2
3953,1
3955,4
3956,2
3958,1
3959,3
3960,1
3961,1
3962,1
3963,2
3964,3
3965,2
3966,4
3968,1
3969,2
3971,3
3972,1
3973,4
3974,8
3975,3
3977,1
3978,4
3979,2
3980,5
3981,4
3982,1
3983,1
3984,3
3985,7
3986,4
3987,8
3988,5
3989,1
3990,1
3991,2
3993,3
3994,1
3995,2
3996,2
3997,5
3998,4
3999,5
4000,6
4002,1
4003,4
4005,2
4006,10
4007,6
4008,3
4009,2
4010,3
4011,7
4013,1
4014,1
4015,1
4016,7
4017,3
4018,4
4022,1
4023,2
4025,2
4026,1
4028,2
4029,3
4030,3
4031,4
4033,3
4035,2
4036,2
4037,1
4038,1
4039,6
4040,1
4041,6
4042,3
4045,6
4046,5
4048,1
4051,7
4052,4
4053,2
4054,1
4055,7
4056,1
4057,4
4058,3
4059,1
4060,1
4061,1
4062,2
4063,5
4064,3
4065,5
4066,4
4067,2
4068,4
4069,2
4070,1
4071,2
4072,1
4073,4
4074,3
4075,4
4076,3
4077,3
4078,2
4079,2
4080,1
4082,3
4083,1
4085,1
4086,2
4087,5
4088,5
4089,8
4090,1
4091,4
4092,3
4093,9
4094,1
4095,2
4096,6
4097,8
4098,2
4099,7
4101,5
4102,6
4103,2
4104,4
4106,2
4107,2
4108,2
4109,8
4110,6
4111,2
4112,2
4113,3
4114,3
4115,5
4116,6
4117,5
4118,2
4120,5
4121,2
4122,2
4123,2
4124,3
4126,2
4127,2
4129,2
4130,4
4131,3
4132,4
4133,4
4134,1
4135,3
4136,3
4137,4
4138,3
4139,4
4140,5
4141,3
4142,3
4143,1
4144,1
4145,3
4146,4
4147,2
4149,6
4151,4
4152,4
4154,2
4155,1
4156,1
4157,4
4158,3
4159,1
4160,2
4161,2
4162,2
4163,3
4164,2
4165,3
4166,2
4167,2
4168,3
4169,3
4170,4
4171,4
4172,6
4173,3
4174,1
4175,1
4176,2
4177,1
4178,6
4179,1
4180,2
4181,4
4182,4
4183,6
4184,3
4185,7
4186,3
4187,2
4190,2
4191,1
4192,1
4193,2
4194,2
4195,1
4198,3
4199,3
4200,1
4201,4
4202,8
4203,1
4204,1
4205,5
4206,2
4207,3
4208,3
4209,3
4210,3
4212,4
4213,1
4214,1
4215,1
4216,4
4217,2
4219,2
4220,2
4221,1
4223,1
4225,3
4227,1
4230,2
4231,3
4233,1
4234,5
4235,1
4237,5
4238,5
4239,2
4243,1
4244,1
4245,2
4247,3
4248,4
4249,3
4250,2
4251,1
4253,2
4254,1
4255,1
4256,1
4257,4
4258,4
4259,5
4260,5
4261,2
4262,4
4263,1
4265,1
4266,1
4267,1
4268,4
4269,6
4270,2
4271,4
4274,1
4276,2
4277,4
4278,1
4279,2
4280,2
4281,3
4282,1
4283,3
4285,2
4286,3
4287,1
4290,3
4291,3
4293,1
4295,3
4297,4
4298,3
4299,7
4300,2
4301,2
4302,4
4303,2
4304,1
4305,2
4306,2
4307,1
4308,1
4309,5
4311,3
4312,2
4313,1
4314,4
4316,1
4317,2
4319,3
4320,1
4321,2
4322,4
4324,1
4325,5
4326,6
4327,1
4328,4
4330,1
4331,2
4332,3
4333,3
4334,1
4335,3
4336,2
4337,6
4338,4
4339,4
4340,3
4341,2
4342,4
4343,13
4344,3
4345,2
4348,3
4350,1
4352,2
4353,3
4354,1
4356,5
4357,5
4358,7
4359,11
4360,6
4361,5
4362,5
4363,1
4364,1
4365,6
4366,10
4367,1
4368,1
4370,4
4371,1
4372,2
4373,6
4374,5
4375,2
4376,1
4377,3
4379,1
4380,4
4381,3
4385,2
4386,1
4388,2
4389,6
4390,1
4391,2
4392,1
4393,2
4394,5
4395,1
4396,2
4397,5
4398,2
4399,2
4400,2
4401,1
4402,2
4403,1
4404,1
4405,3
4406,1
4407,2
4408,4
4409,2
4410,2
4411,2
4412,2
4413,1
4417,1
4418,2
4419,4
4420,3
4421,1
4422,1
4426,2
4427,5
4428,7
4429,4
4430,5
4432,2
4433,4
4434,1
4436,2
4437,1
4438,2
4440,1
4441,1
4443,3
4444,1
4445,5
4446,4
4447,3
4448,1
4449,1
4450,1
4451,1
4452,5
4453,5
4454,4
4455,5
4456,1
4457,2
4458,2
4460,3
4461,3
4462,2
4463,1
4464,3
4465,3
4466,1
4467,5
4468,4
4469,3
4470,1
4471,5
4472,6
4473,2
4474,2
4475,7
4476,4
4477,3
4478,5
4479,8
4480,9
4481,5
4482,2
4483,7
4484,5
4485,6
4486,4
4487,6
4488,4
4489,5
4490,7
4491,1
4492,3
4493,4
4494,3
4495,1
4496,1
4497,1
4499,1
4500,1
4501,2
4502,1
4503,4
4504,1
4505,2
4507,6
4508,3
4509,3
4512,2
4513,2
4514,4
4515,6
4516,1
4517,4
4518,3
4521,4
4522,1
4523,3
4524,4
4525,5
4527,4
4528,5
4529,9
4530,3
4531,3
4532,4
4533,1
4534,4
4535,3
4536,1
4537,7
4538,1
4539,4
4540,2
4541,2
4542,2
4543,6
4544,1
4545,6
4546,9
4547,3
4548,3
4549,8
4550,1
4551,3
4552,1
4553,1
4554,7
4555,5
4556,1
4557,1
4558,2
4559,6
4560,4
4561,5
4563,5
4564,5
4565,1
4566,3
4567,5
4568,3
4569,2
4570,2
4571,4
4572,3
4573,3
4574,2
4575,3
4577,1
4578,2
4579,2
4581,8
4582,1
4583,2
4584,2
4585,3
4586,3
4587,6
4588,7
4589,1
4592,1
4593,3
4594,3
4595,1
4596,3
4597,10
4598,5
4599,5
4600,1
4601,4
4602,4
4603,1
4604,6
4605,1
4606,1
4607,1
4608,1
4609,1
4610,2
4611,6
4612,3
4613,4
4614,1
4615,7
4616,6
4617,3
4618,3
4619,6
4621,3
4622,3
4623,3
4624,2
4625,4
4627,1
4629,1
4631,1
4632,1
4633,1
4634,3
4636,5
4637,2
4638,2
4639,3
4640,3
4641,3
4642,3
4643,4
4644,3
4645,3
4646,6
4647,7
4648,4
4650,6
4651,1
4652,3
4653,1
4654,2
4655,1
4656,1
4657,3
4658,2
4659,2
4661,5
4662,9
4663,1
4664,1
4666,1
4667,2
4668,4
4669,1
4670,2
4672,2
4674,2
4675,1
4678,1
4679,2
4680,4
4681,2
4682,2
4683,9
4684,2
4685,3
4686,4
4687,7
4688,7
4689,3
4690,5
4691,4
4692,4
4693,3
4694,4
4695,11
4696,7
4697,4
4699,3
4700,3
4701,2
4702,5
4703,3
4704,2
4705,1
4706,2
4707,4
4709,6
4711,1
4714,2
4717,2
4719,4
4721,1
4722,1
4723,2
4725,2
4727,1
4728,2
4729,5
4730,3
4731,3
4733,2
4735,3
4740,2
4741,2
4742,2
4743,1
4744,2
4745,4
4746,1
4747,5
4748,4
4749,4
4750,2
4751,1
4752,1
4753,3
4755,1
4756,6
4757,6
4758,8
4759,5
4760,1
4762,2
4764,2
4765,3
4766,2
4767,2
4768,2
4769,5
4770,3
4771,5
4772,2
4773,1
4776,4
4777,1
4778,6
4779,3
4780,2
4781,3
4782,3
4784,3
4785,3
4786,4
4787,3
4790,1
4795,1
4796,2
4797,1
4798,3
4800,2
4801,1
4802,3
4804,3
4805,1
4806,3
4807,1
4808,2
4810,1
4812,2
4813,1
4815,5
4817,2
4818,3
4819,2
4821,3
4822,3
4823,5
4824,6
4825,1
4826,1
4829,3
4830,2
4831,4
4832,5
4833,5
4834,3
4835,1
4836,1
4840,2
4841,4
4842,6
4843,5
4844,2
4845,4
4846,5
4847,3
4848,2
4849,3
4850,2
4851,2
4852,3
4853,2
4854,5
4855,5
4857,1
4858,1
4860,2
4861,3
4862,2
4863,5
4864,3
4865,2
4867,3
4869,2
4870,1
4871,1
4872,1
4874,6
4878,3
4879,1
4880,3
4881,2
4882,4
4883,5
4884,4
4885,1
4886,4
4887,5
4888,5
4889,2
4891,2
4892,2
4893,4
4895,2
4896,2
4897,4
4898,6
4899,1
4900,6
4901,1
4902,1
4903,2
4904,1
4905,8
4906,3
4907,3
4908,8
4909,6
4910,4
4913,1
4914,2
4915,1
4916,5
4917,1
4918,6
4919,5
4920,3
4921,1
4922,5
4923,10
4924,5
4925,2
4926,2
4929,2
4932,3
4933,3
4934,3
4939,1
4941,1
4942,1
4943,3
4944,3
4945,2
4948,2
4949,2
4950,8
4952,5
4953,2
4954,1
4955,1
4957,1
4958,5
4960,2
4961,2
4962,1
4964,1
4965,2
4968,2
4969,3
4970,2
4971,1
4973,1
4974,2
4975,3
4976,1
4977,2
4978,5
4979,4
4981,6
4982,4
4983,4
4984,1
4985,7
4986,3
4987,3
4988,3
4989,4
4990,3
4991,7
4992,6
4993,6
4994,5
4995,4
4996,2
4997,1
4998,3
4999,2
5001,3
5002,3
5003,3
5005,1
5009,1
5010,2
5012,2
5013,3
5014,2
5015,2
5017,4
5018,1
5021,7
5022,4
5023,2
5025,3
5026,1
5027,1
5028,2
5029,2
5030,3
5032,4
5034,2
5035,3
5036,2
5037,1
5039,8
5040,5
5041,2
5042,3
5043,3
5044,4
5045,1
5047,5
5049,1
5050,3
5053,2
5055,6
5056,4
5057,2
5058,3
5059,1
5060,2
5061,2
5062,11
5063,9
5064,4
5065,1
5066,2
5067,4
5069,5
5070,3
5071,1
5075,3
5077,2
5081,1
5082,2
5083,2
5084,4
5085,4
5086,2
5087,2
5088,1
5089,1
5090,2
5091,4
5092,2
5093,3
5094,2
5095,4
5097,4
5098,6
5099,1
5100,3
5101,4
5102,6
5103,1
5105,2
5106,1
5107,2
5108,3
5109,2
5110,1
5111,3
5112,1
5113,2
5114,3
5115,1
5116,2
5117,3
5119,2
5120,2
5121,1
5122,1
5124,3
5125,3
5127,3
5129,2
5130,4
5132,1
5133,1
5134,3
5135,1
5136,1
5138,1
5139,2
5140,7
5141,4
5144,1
5145,2
5146,5
5147,1
5148,8
5149,1
5150,1
5151,4
5152,3
5153,2
5154,4
5155,4
5156,7
5157,3
5158,11
5159,8
5160,3
5161,3
5162,2
5163,1
5164,1
5165,2
5166,7
5168,3
5170,1
5171,3
5172,7
5173,2
5175,2
5176,3
5177,2
5178,1
5179,3
5180,1
5182,1
5183,2
5185,3
5186,4
5187,4
5188,2
5190,1
5191,2
5192,2
5193,1
5195,1
5197,1
5198,2
5199,4
5200,1
5201,1
5202,1
5203,1
5204,2
5205,5
5207,1
5208,4
5209,4
5210,3
5212,4
5213,3
5214,3
5215,3
5216,2
5218,5
5219,4
5220,1
5222,1
5223,1
5224,1
5225,1
5226,2
5227,2
5228,1
5229,2
5232,5
5233,1
5236,4
5237,2
5240,1
5241,2
5242,6
5243,3
5244,3
5245,3
5246,5
5248,1
5249,2
5250,2
5251,3
5254,1
5256,2
5257,2
5258,2
5262,3
5263,2
5265,1
5267,1
5269,3
5270,2
5273,2
5274,1
5278,2
5279,1
5281,2
5283,3
5284,3
5285,7
5286,7
5289,1
5290,1
5291,3
5293,3
5294,1
5296,2
5297,1
5299,1
5301,2
5302,4
5303,1
5305,6
5306,3
5307,1
5308,1
5309,1
5310,4
5311,4
5313,1
5314,3
5315,1
5316,2
5318,6
5322,2
5324,5
5325,4
5326,1
5327,1
5328,2
5329,1
5330,1
5331,1
5332,1
5333,3
5335,4
5336,6
5337,5
5338,2
5340,1
5342,2
5343,2
5344,4
5345,4
5346,5
5347,1
5348,7
5349,2
5350,1
5351,1
5352,1
5356,2
5358,4
5359,2
5360,6
5361,4
5362,1
5363,6
5364,3
5366,1
5367,2
5370,1
5371,2
5372,3
5373,1
5374,4
5378,1
5379,9
5380,4
5381,4
5382,1
5386,3
5387,1
5388,5
5389,1
5390,1
5391,3
5393,1
5394,1
5395,4
5396,6
5397,8
5398,1
5399,1
5400,1
5401,7
5402,1
5403,2
5405,1
5408,5
5410,1
5411,5
5413,1
5414,7
5415,1
5416,3
5417,1
5418,1
5419,3
5420,5
5421,3
5422,1
5423,2
5424,1
5425,3
5426,1
5427,2
5430,1
5431,3
5433,1
5434,1
5436,1
5437,1
5438,8
5441,1
5442,3
5443,1
5444,2
5445,2
5446,3
5447,4
5449,3
5450,3
5451,1
5453,1
5454,2
5455,5
5457,1
5459,9
5461,4
5462,1
5464,3
5465,5
5466,5
5467,4
5468,2
5470,1
5472,3
5473,3
5474,4
5475,4
5476,6
5477,1
5478,1
5479,2
5480,2
5482,1
5485,1
5486,4
5487,4
5488,4
5490,3
5491,1
5492,1
5493,7
5494,7
5495,2
5496,2
5497,1
5498,4
5500,4
5501,3
5502,4
5505,2
5506,2
5508,2
5510,2
5511,1
5512,3
5513,5
5514,1
5516,3
5517,3
5518,2
5519,1
5520,5
5524,3
5525,5
5526,5
5527,4
5528,4
5530,5
5531,2
5532,1
5534,2
5535,1
5536,3
5537,6
5538,1
5539,1
5542,2
5544,3
5545,2
5546,1
5547,6
5548,1
5549,2
5550,1
5551,5
5553,1
5554,2
5555,2
5560,1
5561,2
5562,2
5564,2
5570,1
5576,1
5579,4
5580,2
5581,1
5583,1
5584,1
5585,1
5586,3
5587,2
5589,1
5591,1
5592,1
5596,3
5597,2
5599,2
5600,1
5601,3
5602,4
5603,11
5604,3
5608,1
5609,1
5610,1
5612,2
5613,2
5614,5
5615,1
5616,1
5618,1
5620,1
5622,2
5623,2
5624,4
5625,3
5627,2
5628,2
5629,1
5630,1
5631,1
5633,3
5634,1
5635,1
5636,2
5637,3
5638,2
5639,2
5643,6
5644,5
5645,2
5647,5
5648,4
5649,1
5651,2
5652,6
5654,2
5655,1
5656,5
5657,1
5658,3
5660,2
5661,1
5662,1
5664,3
5667,2
5668,2
5670,3
5672,1
5674,2
5675,2
5679,2
5680,3
5681,2
5682,2
5683,2
5684,1
5686,3
5687,3
5688,2
5689,2
5690,7
5691,1
5692,3
5693,3
5694,7
5695,5
5696,5
5697,2
5699,3
5700,5
5701,3
5702,3
5705,1
5706,2
5707,2
5708,3
5709,5
5710,3
5711,5
5712,3
5713,5
5714,4
5715,4
5716,1
5717,2
5719,1
5722,4
5723,4
5724,3
5725,1
5727,1
5728,1
5729,5
5730,1
5731,5
5732,2
5733,4
5735,1
5737,2
5738,4
5739,1
5740,3
5741,3
5744,2
5745,6
5746,4
5747,3
5748,5
5749,3
5750,3
5751,5
5752,1
5753,5
5754,4
5755,5
5756,4
5757,6
5758,1
5759,1
5760,2
5763,3
5764,3
5765,3
5766,3
5767,1
5769,4
5770,1
5771,3
5774,3
5776,1
5777,1
5781,2
5782,1
5783,3
5787,3
5788,3
5789,2
5790,1
5791,6
5792,2
5793,1
5796,2
5797,8
5799,1
5801,5
5802,2
5803,1
5804,2
5806,2
5809,1
5812,2
5813,1
5814,5
5815,2
5816,2
5817,1
5818,1
5819,1
5822,1
5823,3
5824,3
5825,2
5826,1
5827,5
5828,2
5829,2
5830,2
5831,3
5832,2
5833,1
5835,7
5836,1
5837,2
5838,3
5839,4
5841,3
5842,5
5843,5
5844,3
5845,5
5846,4
5847,1
5848,5
5849,2
5850,7
5851,6
5853,2
5854,1
5856,3
5860,1
5862,2
5863,2
5864,2
5865,1
5866,1
5868,1
5871,4
5872,3
5873,1
5874,1
5875,9
5876,4
5877,1
5878,1
5881,3
5882,4
5883,3
5884,2
5885,1
5886,2
5887,1
5888,1
5889,1
5890,1
5891,1
5893,3
5894,4
5895,4
5896,3
5897,4
5899,1
5900,1
5901,3
5902,5
5903,3
5904,2
5907,5
5908,3
5909,3
5910,2
5911,1
5912,2
5913,7
5914,1
5915,1
5916,6
5917,1
5918,1
5919,3
5920,2
5921,2
5922,4
5923,2
5924,4
5925,4
5927,2
5928,1
5929,1
5931,3
5933,1
5934,1
5936,1
5937,2
5938,1
5939,1
5940,2
5942,1
5943,5
5944,1
5945,1
5946,3
5948,3
5949,2
5950,4
5951,3
5952,2
5955,2
5957,2
5958,4
5959,8
5960,1
5962,4
5963,4
5964,5
5965,1
5966,2
5967,4
5968,4
5969,1
5970,2
5971,4
5972,2
5976,2
5980,2
5981,1
5982,1
5983,1
5984,2
5988,2
5989,2
5990,2
5996,1
5997,2
5998,3
6000,1
6001,3
6006,2
6007,1
6009,1
6013,2
6015,1
6017,5
6020,5
6022,1
6023,1
6024,2
6025,3
6026,10
6027,2
6030,1
6031,2
6032,1
6033,3
6034,2
6035,1
6037,2
6038,2
6039,1
6041,1
6045,5
6046,2
6047,2
6048,1
6051,2
6052,2
6063,3
6067,1
6068,3
6069,2
6071,1
6072,1
6073,1
6076,1
6077,1
6079,1
6084,1
6087,2
6088,1
6089,1
6090,5
6091,4
6094,2
6095,1
6096,1
6099,1
6100,5
6101,4
6104,2
6105,1
6106,1
6108,1
6109,1
6110,1
6111,1
6112,2
6113,2
6115,5
6117,3
6118,4
6119,2
6120,4
6121,1
6122,1
6123,1
6125,4
6126,1
6127,3
6128,1
6129,1
6131,2
6133,2
6134,2
6135,2
6136,3
6137,2
6138,1
6140,6
6141,3
6142,1
6145,2
6146,4
6147,6
6148,4
6149,4
6150,2
6151,1
6153,2
6154,2
6158,1
6160,1
6162,1
6163,2
6164,1
6165,1
6167,2
6168,2
6170,4
6171,1
6172,1
6173,4
6174,2
6177,1
6180,3
6181,4
6182,3
6183,3
6184,5
6185,2
6186,2
6187,2
6188,2
6189,5
6191,4
6192,6
6194,1
6195,1
6198,1
6200,2
6201,3
6202,1
6205,2
6207,1
6209,1
6210,1
6213,1
6216,3
6219,4
6220,1
6221,3
6222,3
6223,2
6224,2
6225,1
6227,3
6228,2
6231,1
6232,1
6233,1
6234,4
6238,2
6239,1
6241,1
6245,5
6246,2
6247,5
6248,5
6249,3
6253,2
6254,3
6255,2
6256,1
6258,3
6260,2
6261,2
6263,3
6264,3
6265,1
6267,3
6268,3
6269,2
6272,2
6273,2
6274,1
6275,4
6276,2
6277,3
6278,2
6279,3
6280,2
6281,3
6282,2
6283,2
6285,1
6286,1
6288,2
6289,3
6290,1
6291,4
6292,2
6293,1
6294,2
6295,5
6298,1
6307,4
6308,2
6310,1
6311,2
6312,3
6313,1
6314,3
6315,2
6316,3
6317,4
6318,1
6320,1
6321,2
6322,2
6323,2
6324,2
6328,3
6329,1
6336,2
6340,2
6342,3
6343,3
6344,2
6345,1
6346,6
6347,1
6348,2
6350,2
6351,1
6353,5
6355,1
6357,3
6358,1
6359,1
6360,1
6361,2
6362,4
6363,2
6364,2
6365,7
6367,1
6371,4
6372,2
6373,3
6376,1
6377,1
6381,2
6382,2
6383,2
6384,5
6385,1
6387,1
6389,3
6390,6
6391,2
6392,3
6393,1
6395,4
6400,1
6402,2
6403,1
6404,1
6405,1
6408,1
6410,2
6417,1
6419,5
6420,4
6421,1
6422,3
6423,2
6424,2
6430,1
6431,4
6433,4
6436,1
6437,5
6438,2
6439,2
6440,5
6441,1
6442,1
6443,3
6444,1
6450,4
6453,1
6455,1
6459,3
6460,1
6461,2
6462,3
6464,1
6465,2
6467,1
6468,4
6469,4
6470,4
6472,3
6473,2
6474,4
6476,2
6477,4
6478,1
6481,5
6482,2
6486,3
6488,1
6489,2
6491,2
6495,1
6497,3
6498,1
6499,2
6500,1
6504,2
6507,6
6508,6
6509,3
6510,1
6511,2
6512,2
6513,2
6515,2
6516,2
6517,2
6518,1
6519,6
6520,4
6521,3
6522,1
6523,4
6526,4
6527,4
6528,2
6530,1
6531,2
6532,1
6534,3
6535,2
6536,1
6539,2
6540,2
6541,2
6548,1
6549,6
6551,4
6552,1
6553,1
6555,1
6556,1
6558,2
6560,3
6561,4
6565,2
6566,4
6567,2
6568,3
6569,1
6571,3
6572,1
6574,2
6576,1
6577,2
6581,1
6582,3
6583,3
6584,1
6588,3
6589,1
6591,4
6592,5
6593,1
6594,1
6595,1
6596,2
6597,2
6599,2
6600,3
6602,1
6604,1
6605,2
6607,3
6610,2
6611,3
6615,2
6616,4
6617,1
6618,5
6619,5
6621,2
6623,3
6624,1
6625,4
6626,3
6627,3
6628,2
6629,1
6631,2
6632,1
6633,1
6636,1
6637,1
6638,2
6640,1
6643,3
6647,1
6648,2
6649,1
6651,2
6652,2
6653,1
6654,3
6655,3
6658,3
6659,1
6661,4
6662,2
6663,5
6664,1
6665,1
6666,3
6668,1
6669,4
6670,2
6672,3
6675,3
6676,2
6677,1
6680,2
6681,6
6682,3
6683,1
6685,2
6688,2
6694,5
6697,1
6698,1
6699,3
6700,6
6704,1
6705,2
6706,1
6712,2
6713,4
6714,1
6715,1
6717,1
6725,3
6726,6
6727,4
6728,3
6729,2
6730,1
6733,1
6734,1
6735,1
6739,2
6740,2
6741,1
6743,1
6744,3
6745,5
6746,1
6747,1
6748,1
6749,1
6751,2
6754,2
6759,2
6760,2
6761,5
6762,2
6765,1
6766,1
6767,2
6769,3
6770,1
6771,4
6772,6
6773,2
6774,1
6775,4
6776,5
6777,1
6780,1
6781,2
6783,1
6786,1
6790,1
6792,1
6793,1
6794,5
6796,2
6799,2
6801,3
6802,3
6803,3
6804,3
6805,1
6808,1
6809,1
6810,1
6811,1
6812,1
6816,1
6817,1
6819,4
6820,6
6821,2
6823,1
6824,1
6828,8
6829,4
6830,5
6831,1
6832,2
6834,1
6840,5
6842,3
6844,1
6845,1
6846,4
6859,1
6861,1
6863,2
6864,2
6866,2
6867,2
6868,1
6870,2
6871,3
6872,2
6873,1
6874,1
6875,3
6876,2
6877,2
6878,3
6879,1
6880,1
6881,1
6883,1
6884,3
6885,5
6886,1
6887,1
6889,1
6890,2
6891,1
6892,1
6894,3
6896,1
6899,1
6902,2
6906,1
6909,1
6912,1
6913,3
6914,7
6915,1
6916,6
6917,2
6919,1
6920,1
6921,2
6922,1
6923,2
6924,3
6925,3
6930,1
6931,1
6935,1
6936,3
6937,3
6938,2
6940,2
6941,2
6942,2
6943,1
6945,2
6947,1
6948,5
6949,4
6950,1
6951,2
6952,2
6953,1
6954,3
6955,1
6956,2
6957,1
6958,1
6959,1
6963,2
6964,3
6965,1
6966,1
6967,2
6969,3
6970,2
6971,2
6974,1
6975,3
6976,3
6982,1
6984,5
6985,2
6987,2
6988,2
6989,1
6991,1
6996,5
6997,3
6998,1
6999,1
7001,2
7002,2
7003,3
7004,1
7005,2
7006,1
7007,1
7012,1
7013,1
7014,1
7015,3
7016,1
7017,4
7018,1
7019,2
7020,4
7022,1
7023,1
7024,4
7026,4
7029,1
7030,4
7031,4
7032,1
7034,1
7035,2
7037,1
7038,3
7039,3
7042,1
7043,1
7046,1
7047,2
7048,2
7049,1
7051,2
7052,1
7053,1
7054,3
7058,2
7061,3
7062,2
7064,1
7067,1
7069,1
7071,3
7072,1
7076,1
7078,3
7079,2
7080,4
7081,3
7085,6
7086,2
7087,1
7088,3
7089,1
7090,3
7091,3
7092,2
7094,2
7096,2
7097,5
7098,3
7100,1
7102,3
7103,3
7104,2
7106,2
7107,1
7108,3
7109,2
7110,6
7111,3
7112,5
7114,1
7115,5
7116,4
7117,3
7118,6
7119,1
7120,1
7121,2
7122,2
7123,3
7124,3
7125,1
7126,2
7127,1
7129,1
7130,2
7135,4
7136,2
7137,2
7138,1
7139,2
7140,2
7141,1
7142,2
7143,1
7144,1
7145,1
7150,1
7152,1
7154,2
7156,2
7158,2
7159,2
7160,1
7161,2
7162,2
7164,1
7166,1
7167,1
7171,5
7176,3
7180,3
7181,1
7182,2
7183,2
7184,6
7185,4
7189,2
7190,1
7193,1
7194,2
7204,1
7205,3
7206,2
7207,2
7210,1
7211,1
7212,4
7215,3
7216,1
7219,1
7221,2
7224,2
7227,2
7229,5
7230,2
7231,2
7232,2
7235,2
7236,2
7238,2
7239,4
7240,4
7241,1
7243,1
7244,2
7245,4
7246,2
7247,4
7248,1
7250,1
7252,1
7261,2
7262,1
7264,1
7265,5
7266,5
7268,2
7269,2
7270,2
7271,3
7272,1
7273,6
7274,2
7275,3
7277,1
7279,1
7283,1
7287,1
7290,4
7292,3
7293,2
7294,2
7295,2
7296,1
7297,1
7301,3
7302,1
7309,4
7313,1
7314,7
7315,1
7318,2
7319,3
7320,3
7321,2
7322,1
7323,2
7324,3
7325,1
7326,1
7327,2
7328,1
7329,2
7330,2
7331,1
7332,4
7333,2
7334,1
7336,2
7337,2
7338,3
7339,2
7340,2
7341,1
7343,2
7344,3
7345,2
7346,5
7347,3
7348,1
7349,1
7351,5
7352,4
7355,4
7356,1
7358,3
7359,4
7366,2
7367,3
7368,5
7371,2
7372,3
7373,5
7374,4
7375,5
7376,4
7377,3
7379,1
7380,4
7381,1
7383,2
7385,1
7386,1
7391,5
7392,2
7393,1
7395,1
7396,2
7397,1
7398,2
7400,1
7402,4
7406,1
7408,4
7411,2
7412,3
7414,1
7416,2
7417,1
7421,1
7422,1
7423,2
7424,1
7425,1
7427,2
7428,3
7429,3
7430,1
7431,1
7432,2
7433,5
7434,2
7435,1
7437,1
7438,1
7440,3
7441,1
7444,3
7447,1
7452,2
7453,4
7455,3
7456,1
7457,8
7458,6
7459,5
7460,5
7461,1
7462,3
7464,1
7465,3
7466,1
7467,2
7470,2
7471,2
7472,3
7475,1
7476,1
7483,1
7489,2
7491,1
7494,1
7495,1
7496,1
7501,2
7502,2
7504,2
7507,1
7508,5
7509,1
7510,6
7511,3
7512,3
7515,1
7517,1
7519,1
7522,3
7523,2
7524,2
7525,1
7526,1
7527,3
7528,1
7530,3
7531,4
7532,3
7533,1
7534,3
7535,1
7536,3
7537,1
7538,6
7540,2
7541,3
7542,3
7543,8
7544,1
7546,2
7547,1
7552,1
7553,4
7554,4
7555,2
7560,2
7562,2
7563,2
7564,2
7567,2
7568,2
7569,1
7572,2
7574,1
7575,1
7577,1
7578,4
7580,2
7582,2
7583,1
7584,1
7586,2
7590,1
7594,3
7595,1
7596,4
7600,2
7601,1
7602,2
7603,1
7604,1
7605,1
7606,1
7607,5
7608,1
7613,1
7614,1
7615,1
7616,3
7617,2
7618,1
7619,2
7620,5
7621,2
7622,1
7627,1
7628,6
7629,2
7634,4
7635,2
7640,3
7643,1
7645,5
7647,4
7648,3
7649,4
7652,1
7655,1
7657,7
7659,1
7663,1
7672,2
7673,2
7674,3
7675,5
7677,6
7678,2
7679,1
7680,2
7681,2
7685,1
7686,3
7687,2
7688,4
7689,3
7690,1
7693,2
7694,1
7695,1
7697,1
7698,1
7699,1
7701,1
7706,1
7707,2
7719,2
7732,1
7733,1
7736,2
7737,2
7738,1
7740,1
7741,1
7742,1
7743,1
7744,1
7745,1
7746,9
7747,4
7748,1
7749,1
7752,1
7753,1
7754,1
7755,1
7757,1
7758,4
7759,2
7760,1
7761,1
7763,1
7768,2
7769,1
7770,1
7772,3
7773,4
7774,9
7775,1
7777,1
7778,1
7779,1
7780,1
7781,1
7782,3
7783,2
7784,3
7788,1
7796,1
7797,4
7798,1
7808,1
7809,2
7810,1
7811,1
7812,1
7813,1
7814,2
7816,1
7818,1
7821,1
7825,1
7829,1
7830,1
7832,6
7833,1
7834,2
7835,2
7836,1
7837,1
7838,2
7839,1
7840,3
7841,3
7842,1
7843,1
7844,1
7845,2
7846,1
7847,2
7849,4
7850,2
7851,4
7852,2
7855,1
7856,1
7857,3
7858,1
7859,1
7861,2
7862,3
7863,2
7864,2
7865,2
7866,1
7867,1
7868,2
7869,2
7870,2
7873,1
7875,1
7880,2
7882,1
7889,1
7890,3
7894,1
7899,3
7903,4
7904,2
7905,1
7907,4
7909,5
7910,2
7913,3
7914,1
7915,1
7917,1
7918,2
7919,2
7920,2
7921,1
7923,4
7924,1
7925,3
7926,3
7930,2
7931,5
7933,2
7935,4
7936,5
7937,2
7938,1
7939,1
7940,1
7941,2
7942,1
7947,1
7948,3
7949,1
7950,1
7951,5
7952,1
7953,2
7955,1
7956,1
7958,1
7962,2
7966,1
7968,1
7970,2
7972,4
7973,3
7974,3
7976,2
7977,1
7978,1
7979,3
7980,1
7981,6
7982,2
7984,5
7985,2
7986,1
7995,2
7996,1
7997,1
7998,1
7999,1
8000,1
8001,2
8009,1
8012,2
8013,2
8015,1
8018,4
8019,4
8020,4
8021,8
8022,2
8023,2
8024,1
8026,4
8027,1
8028,2
8029,4
8031,3
8033,1
8034,6
8035,1
8037,2
8038,1
8040,1
8041,1
8043,2
8045,1
8046,4
8047,2
8048,1
8050,3
8051,2
8052,1
8053,1
8054,2
8055,1
8056,2
8057,1
8058,2
8059,1
8060,3
8061,1
8065,2
8066,4
8067,4
8069,4
8070,1
8076,1
8078,2
8079,4
8080,2
8081,3
8082,5
8083,1
8085,1
8086,4
8087,1
8090,2
8091,3
8094,1
8096,2
8097,5
8098,2
8100,1
8102,2
8104,1
8106,3
8109,1
8111,2
8113,1
8117,2
8118,1
8119,1
8124,1
8126,1
8127,2
8128,3
8129,1
8131,1
8134,2
8137,2
8138,3
8140,1
8142,2
8149,5
8150,1
8159,3
8160,1
8161,3
8162,2
8163,5
8165,3
8169,1
8170,2
8171,2
8172,3
8173,1
8174,2
8177,1
8179,1
8181,1
8182,1
8184,1
8186,2
8188,3
8191,1
8192,2
8193,3
8194,1
8195,2
8196,4
8197,2
8198,2
8200,1
8202,2
8203,3
8204,3
8205,2
8206,2
8207,1
8212,1
8213,1
8215,2
8216,3
8217,2
8219,2
8220,1
8224,1
8228,2
8231,3
8232,3
8233,2
8235,6
8236,2
8237,2
8239,1
8241,1
8242,2
8247,1
8250,1
8253,1
8258,1
8259,2
8262,1
8268,2
8269,2
8270,1
8279,1
8280,1
8282,2
8285,2
8288,1
8289,2
8290,4
8291,2
8292,3
8293,1
8294,4
8295,1
8296,1
8297,1
8300,1
8302,3
8303,2
8304,1
8306,1
8307,2
8308,3
8310,1
8313,2
8314,4
8315,2
8318,2
8319,2
8320,1
8322,1
8323,1
8326,1
8329,5
8330,1
8331,1
8333,1
8340,2
8342,1
8349,1
8350,1
8351,1
8353,1
8354,2
8355,1
8356,3
8359,3
8360,1
8361,2
8365,1
8366,4
8368,1
8370,1
8372,1
8373,1
8375,1
8376,2
8377,2
8380,1
8382,1
8383,2
8384,4
8385,3
8386,2
8387,1
8388,1
8390,1
8393,3
8396,2
8403,2
8404,3
8405,1
8406,2
8407,1
8408,3
8409,2
8416,1
8419,1
8420,1
8421,2
8422,2
8423,1
8424,1
8425,1
8426,1
8427,1
8428,3
8429,2
8430,2
8431,3
8432,3
8433,1
8434,1
8436,1
8437,4
8439,2
8440,1
8441,3
8442,1
8443,3
8444,2
8445,3
8446,2
8447,5
8448,5
8449,4
8450,2
8452,2
8453,2
8458,1
8459,3
8464,2
8465,1
8471,2
8473,1
8474,1
8475,2
8477,1
8479,1
8484,1
8485,3
8486,1
8487,2
8488,2
8503,2
8504,2
8505,1
8506,6
8507,1
8509,2
8513,2
8514,3
8515,3
8517,1
8518,1
8520,1
8521,2
8522,2
8523,1
8525,2
8530,1
8531,3
8532,1
8533,3
8535,2
8538,1
8543,8
8544,6
8545,1
8547,1
8548,3
8549,2
8552,3
8554,2
8555,1
8560,1
8562,1
8563,1
8570,4
8571,1
8572,2
8573,1
8574,1
8577,1
8581,1
8584,2
8585,1
8598,1
8599,2
8600,1
8603,2
8616,1
8617,2
8623,1
8626,1
8631,1
8632,5
8635,1
8638,1
8639,3
8640,2
8641,2
8642,5
8644,3
8645,4
8646,2
8647,2
8648,4
8658,1
8661,1
8662,1
8669,2
8670,1
8671,1
8672,1
8678,1
8682,1
8683,2
8684,2
8685,1
8686,2
8688,4
8689,2
8690,2
8691,2
8697,3
8698,2
8700,3
8701,3
8708,1
8719,2
8722,1
8723,3
8725,2
8734,1
8735,1
8757,1
8760,2
8761,3
8762,3
8763,3
8764,3
8768,2
8772,2
8773,2
8774,2
8776,5
8777,3
8778,4
8779,1
8780,3
8781,2
8782,3
8783,1
8785,3
8786,1
8787,5
8788,2
8790,2
8792,1
8796,2
8798,1
8801,1
8803,2
8816,3
8817,1
8818,3
8819,2
8822,2
8824,1
8826,1
8827,1
8828,1
8829,2
8830,1
8831,2
8833,3
8835,1
8836,1
8838,3
8841,2
8842,2
8843,2
8844,2
8853,1
8855,2
8856,2
8858,1
8859,5
8861,1
8862,1
8863,3
8864,1
8865,1
8867,6
8870,2
8876,1
8883,1
8884,1
8886,1
8887,1
8888,1
8891,2
8892,3
8893,2
8894,2
8897,2
8901,1
8904,2
8905,1
8906,3
8909,1
8910,3
8911,1
8912,2
8914,1
8916,1
8918,1
8920,2
8921,2
8922,3
8923,2
8924,2
8925,1
8931,2
8932,2
8934,1
8935,1
8936,1
8937,1
8939,1
8945,1
8947,2
8948,3
8953,2
8955,1
8957,1
8958,2
8959,1
8961,1
8962,1
8963,2
8964,1
8965,3
8966,2
8970,1
8973,2
8974,2
8976,1
8977,1
8978,1
8981,1
8984,1
8986,1
8988,1
8989,1
8990,5
8992,3
8993,1
8994,2
8995,1
8996,1
9002,2
9003,2
9004,1
9008,1
9015,1
9016,3
9019,3
9020,3
9021,1
9022,1
9023,2
9024,1
9025,2
9026,2
9027,2
9028,6
9029,3
9032,2
9033,3
9034,3
9035,1
9036,1
9038,1
9039,1
9040,1
9041,4
9042,1
9047,2
9052,2
9057,1
9060,3
9061,1
9062,2
9063,1
9064,1
9065,3
9066,2
9067,1
9068,1
9070,1
9072,3
9073,4
9076,1
9077,1
9078,3
9079,2
9080,3
9084,2
9085,2
9086,1
9091,1
9092,4
9093,3
9094,2
9097,1
9098,2
9100,1
9101,3
9102,3
9103,2
9106,1
9108,1
9115,2
9117,1
9122,2
9124,2
9131,1
9132,1
9134,1
9135,1
9139,2
9140,1
9142,4
9143,1
9144,1
9145,2
9146,2
9147,1
9148,1
9149,1
9150,1
9153,1
9157,2
9158,3
9160,2
9166,5
9168,1
9170,1
9178,1
9179,1
9181,1
9182,1
9184,1
9185,3
9188,1
9189,3
9191,2
9193,1
9195,1
9196,1
9206,1
9207,1
9209,1
9210,1
9215,1
9216,1
9217,1
9219,1
9220,1
9221,1
9222,2
9223,1
9224,1
9227,1
9228,1
9229,3
9230,3
9231,2
9232,1
9233,2
9236,2
9239,2
9240,1
9247,3
9248,2
9249,3
9256,2
9260,2
9265,1
9268,1
9269,3
9270,1
9272,3
9274,1
9285,1
9289,3
9290,2
9303,3
9304,1
9307,1
9308,2
9309,3
9310,4
9312,2
9315,1
9317,2
9318,5
9322,1
9325,1
9326,1
9328,2
9329,3
9331,1
9332,1
9333,1
9334,1
9338,3
9339,2
9341,4
9342,3
9343,2
9344,3
9345,2
9346,1
9347,3
9348,1
9349,4
9350,2
9351,4
9354,1
9357,1
9363,1
9364,1
9365,1
9366,1
9367,2
9368,2
9369,8
9370,2
9371,4
9372,1
9373,3
9374,3
9375,2
9376,1
9377,4
9378,3
9379,1
9380,2
9381,1
9383,3
9384,3
9385,3
9387,4
9388,2
9389,1
9390,4
9393,1
9394,3
9395,2
9396,2
9400,1
9403,2
9404,1
9405,1
9410,2
9411,1
9414,2
9418,2
9419,3
9421,1
9426,1
9428,1
9440,1
9448,2
9452,1
9458,1
9459,1
9460,3
9463,2
9466,3
9470,1
9472,2
9483,1
9494,1
9496,1
9501,3
9502,4
9505,2
9506,1
9507,4
9508,2
9509,1
9510,1
9511,2
9512,2
9515,2
9516,2
9517,1
9519,2
9520,1
9521,3
9522,4
9523,2
9524,3
9529,4
9530,1
9532,1
9534,2
9537,1
9538,4
9539,2
9540,4
9541,1
9542,1
9543,2
9547,2
9548,3
9549,1
9550,1
9551,3
9552,6
9553,6
9554,4
9555,4
9556,4
9557,3
9558,1
9559,4
9560,1
9562,2
9563,2
9564,2
9565,2
9569,1
9571,2
9573,1
9574,2
9576,1
9577,2
9579,1
9587,1
9589,1
9594,1
9606,1
9618,4
9619,2
9623,3
9627,1
9630,2
9634,1
9635,1
9636,1
9637,1
9642,1
9643,1
9648,4
9649,6
9650,1
9653,2
9660,2
9663,1
9664,3
9675,1
9678,1
9686,1
9687,1
9689,3
9692,2
9699,2
9700,2
9701,3
9704,2
9705,3
9707,2
9708,2
9711,1
9712,2
9713,2
9725,1
9730,1
9731,1
9734,1
9737,2
9738,2
9740,1
9741,1
9744,3
9749,3
9751,2
9755,2
9756,2
9757,3
9761,2
9762,3
9763,2
9765,2
9766,3
9768,1
9775,1
9783,2
9785,1
9786,1
9789,1
9791,2
9793,2
9794,2
9795,4
9796,1
9798,1
9799,1
9801,2
9803,2
9804,4
9807,2
9808,2
9809,1
9811,1
9812,2
9814,3
9816,1
9817,4
9818,2
9819,1
9820,1
9823,1
9824,3
9825,2
9826,3
9827,1
9828,3
9829,2
9830,1
9831,3
9832,1
9834,1
9835,5
9841,2
9842,2
9844,2
9847,1
9848,2
9849,1
9855,2
9856,1
9857,1
9860,3
9861,1
9862,1
9866,3
9869,2
9870,1
9871,1
9874,1
9885,1
9886,3
9889,1
9890,1
9891,2
9892,1
9896,1
9902,2
9905,1
9906,2
9911,3
9923,1
9929,1
9930,1
9931,5
9932,2
9933,2
9934,3
9935,3
9937,1
9938,1
9939,1
9941,1
9942,1
9943,2
9944,1
9946,3
9947,4
9948,3
9954,2
9955,4
9956,3
9959,3
9960,3
9961,2
9963,1
9964,1
9966,2
9968,2
9969,1
9973,2
9974,1
9977,1
9979,2
9981,2
9982,3
9983,5
9985,1
9986,2
9994,1
9995,1
9996,2
10001,2
10002,2
10003,1
10007,5
10008,2
10009,1
10017,1
10018,3
10019,1
10022,1
10023,1
10024,1
10028,1
10029,4
10030,3
10031,2
10032,1
10033,3
10036,1
10038,1
10039,1
10041,1
10044,1
10045,1
10047,1
10048,1
10054,1
10055,1
10056,1
10057,1
10058,2
10060,1
10061,1
10065,3
10067,1
10068,7
10069,3
10073,3
10074,2
10079,1
10080,1
10086,3
10088,2
10090,1
10091,2
10092,1
10093,2
10095,2
10096,3
10097,1
10098,4
10104,2
10106,1
10107,1
10114,1
10115,1
10116,1
10121,1
10122,2
10123,1
10126,4
10128,4
10129,2
10133,1
10136,1
10144,2
10145,2
10147,1
10151,3
10152,2
10153,1
10155,1
10157,1
10158,2
10159,1
10163,2
10168,1
10170,1
10171,1
10172,1
10175,1
10178,1
10183,1
10187,3
10189,3
10190,1
10195,3
10196,1
10201,3
10203,1
10204,1
10212,1
10214,2
10215,2
10216,1
10217,2
10219,2
10220,1
10222,3
10223,3
10224,4
10225,1
10226,2
10228,2
10229,1
10231,4
10233,3
10237,1
10241,2
10245,2
10246,1
10252,1
10254,1
10255,1
10256,1
10263,5
10264,1
10265,1
10266,4
10267,1
10268,1
10269,1
10270,1
10271,1
10272,1
10273,2
10274,4
10276,1
10277,1
10282,1
10284,3
10285,2
10286,4
10287,3
10288,1
10290,1
10291,1
10292,3
10293,1
10294,3
10295,2
10297,1
10298,1
10299,3
10301,1
10302,6
10303,4
10304,1
10306,3
10307,1
10310,1
10327,2
10330,1
10334,4
10335,3
10336,5
10338,3
10339,1
10340,1
10341,1
10342,1
10344,2
10345,3
10348,1
10351,1
10352,2
10353,2
10354,1
10355,1
10358,4
10366,1
10367,1
10368,2
10369,1
10373,1
10374,2
10375,1
10377,1
10395,1
10396,1
10397,1
10401,2
10402,1
10405,1
10406,1
10407,1
10410,1
10411,1
10413,1
10414,1
10415,2
10435,2
10445,2
10451,1
10466,2
10471,1
10472,3
10473,2
10477,2
10478,2
10480,2
10483,2
10486,1
10488,2
10489,5
10492,1
10493,3
10494,2
10496,1
10497,1
10499,3
10503,2
10504,1
10505,3
10506,3
10509,1
10510,1
10511,2
10512,2
10515,2
10516,1
10519,2
10522,2
10523,2
10524,3
10525,2
10529,4
10530,1
10535,1
10548,3
10549,1
10550,1
10551,2
10552,1
10556,5
10557,2
10559,1
10571,6
10572,2
10574,3
10579,2
10581,2
10582,2
10583,2
10584,1
10585,2
10586,2
10597,2
10608,1
10617,1
10625,1
10628,1
10629,2
10637,1
10654,1
10656,2
10657,1
10658,1
10661,3
10663,3
10664,1
10668,1
10669,2
10670,1
10672,1
10678,1
10679,1
10680,1
10682,1
10683,1
10685,1
10690,2
10691,4
10701,2
10703,1
10704,4
10705,1
10711,3
10712,1
10714,1
10717,2
10719,1
10722,1
10723,2
10725,1
10726,3
10730,2
10734,1
10735,1
10736,1
10740,3
10741,1
10742,1
10743,1
10744,1
10756,1
10759,2
10760,2
10761,1
10762,1
10763,1
10764,1
10765,1
10767,3
10768,1
10770,1
10779,1
10785,1
10797,1
10798,4
10799,1
10800,3
10806,1
10819,1
10824,1
10825,3
10828,1
10830,2
10831,3
10832,1
10833,1
10834,2
10835,6
10837,2
10838,2
10839,2
10840,2
10842,2
10844,1
10845,1
10847,1
10848,4
10853,5
10857,1
10867,2
10868,1
10873,2
10874,2
10875,3
10876,1
10877,2
10878,3
10879,2
10882,1
10883,1
10887,2
10888,2
10889,1
10894,1
10897,1
10900,1
10901,2
10902,4
10903,1
10906,3
10911,2
10915,1
10917,1
10918,1
10919,1
10926,2
10927,1
10931,1
10932,4
10933,1
10934,3
10935,4
10936,2
10942,1
10949,6
10953,1
10956,1
10957,4
10958,3
10963,3
10964,6
10965,3
10966,2
10967,3
10968,1
10969,1
10970,2
10971,3
10972,3
10975,2
10977,3
10978,1
10982,1
10983,1
10987,2
10989,3
10990,4
10991,3
10994,3
10995,2
10996,2
10997,2
10998,1
10999,3
11000,3
11002,2
11003,2
11004,2
11005,3
11006,2
11007,2
11008,1
11012,1
11014,1
11016,1
11024,1
11030,1
11032,3
11036,4
11037,1
11038,1
11047,1
11048,1
11050,1
11059,1
11060,1
11061,3
11066,2
11067,1
11069,1
11071,2
11072,2
11073,1
11074,2
11078,3
11079,1
11080,3
11084,2
11085,1
11096,2
11100,1
11102,2
11103,2
11108,1
11110,2
11111,5
11112,1
11116,5
11117,1
11119,1
11137,3
11138,2
11139,4
11141,2
11143,1
11144,1
11149,1
11165,3
11166,2
11167,3
11181,1
11186,1
11187,2
11188,2
11190,2
11191,1
11192,1
11195,1
11196,2
11197,3
11198,1
11206,1
11209,2
11212,1
11214,1
11218,2
11220,2
11221,2
11222,2
11230,1
11232,2
11236,1
11237,1
11238,1
11242,3
11244,3
11248,1
11251,1
11255,3
11256,3
11257,1
11258,1
11259,2
11265,1
11269,2
11270,2
11271,1
11273,3
11274,7
11276,1
11277,2
11279,2
11283,1
11288,1
11289,1
11290,1
11291,1
11300,2
11302,2
11303,1
11309,1
11311,5
11312,2
11314,1
11316,1
11317,2
11321,1
11322,2
11323,1
11325,1
11330,3
11331,1
11332,2
11334,2
11339,3
11340,1
11343,1
11349,1
11352,2
11353,1
11354,4
11356,2
11357,1
11359,1
11360,1
11363,2
11365,1
11366,1
11368,1
11372,2
11374,1
11376,1
11377,2
11378,3
11379,2
11380,5
11381,1
11383,1
11384,1
11385,3
11386,4
11387,3
11388,5
11389,2
11390,4
11391,2
11392,3
11393,1
11399,2
11407,2
11408,1
11413,1
11416,1
11417,1
11423,1
11428,2
11432,1
11433,2
11436,2
11438,1
11440,2
11442,2
11444,2
11453,1
11454,1
11471,1
11472,1
11474,1
11486,2
11487,5
11488,3
11490,2
11491,2
11492,2
11494,1
11495,1
11497,1
11498,3
11499,1
11500,2
11501,1
11502,1
11503,1
11511,2
11512,1
11515,2
11517,1
11521,8
11522,3
11540,1
11541,1
11546,1
11548,2
11551,2
11565,2
11574,2
11575,1
11576,2
11577,2
11590,1
11592,3
11593,2
11595,2
11601,2
11603,1
11605,1
11617,2
11621,1
11624,1
11625,1
11626,1
11627,1
11628,1
11632,1
11633,1
11645,2
11649,2
11654,1
11655,1
11656,3
11657,1
11659,1
11664,1
11666,3
11670,2
11671,4
11672,1
11674,3
11675,3
11679,2
11680,1
11682,1
11683,1
11685,2
11693,3
11694,1
11696,1
11698,1
11699,1
11701,3
11703,4
11704,1
11705,1
11706,1
11710,2
11711,5
11712,3
11714,3
11716,2
11717,2
11718,1
11719,1
11720,4
11721,2
11723,2
11733,2
11742,2
11743,1
11744,1
11745,1
11746,1
11747,2
11749,2
11755,2
11756,3
11757,3
11766,1
11769,1
11789,2
11790,3
11792,1
11795,1
11809,1
11826,1
11830,2
11833,1
11841,1
11844,1
11852,2
11853,1
11854,1
11855,1
11856,1
11859,1
11860,2
11866,2
11867,1
11868,1
11873,3
11875,1
11882,1
11885,2
11886,1
11887,1
11888,1
11889,2
11890,1
11894,1
11895,1
11898,1
11900,2
11901,1
11902,1
11903,3
11907,2
11908,3
11912,1
11916,2
11929,1
11930,2
11932,1
11937,3
11938,1
11941,1
11943,2
11944,2
11945,4
11946,1
11947,1
11951,2
11952,1
11954,2
11956,1
11957,1
11964,2
11966,1
11967,1
11968,1
11972,4
11973,1
11977,2
11978,2
11981,1
11990,1
11993,2
11999,1
12000,2
12001,2
12007,1
12008,3
12009,1
12011,1
12012,2
12013,2
12014,2
12016,2
12017,2
12018,2
12019,2
12028,2
12029,1
12032,3
12033,1
12034,2
12040,2
12041,1
12045,1
12046,1
12052,3
12056,1
12059,1
12060,1
12061,3
12064,3
12081,1
12082,1
12086,2
12090,2
12103,1
12105,1
12106,3
12107,2
12110,1
12111,1
12118,1
12121,1
12122,1
12126,2
12129,3
12132,2
12134,2
12135,1
12157,2
12161,1
12175,1
12184,1
12189,1
12192,3
12193,1
12210,1
12212,1
12215,2
12216,5
12217,1
12220,2
12222,2
12225,3
12226,1
12228,3
12248,1
12249,3
12251,3
12256,1
12257,1
12262,2
12265,2
12267,3
12268,1
12269,4
12272,2
12273,2
12281,1
12283,1
12284,1
12287,4
12291,1
12292,1
12294,1
12295,1
12298,1
12299,1
12300,1
12301,3
12306,2
12307,1
12308,2
12315,4
12316,1
12320,2
12321,2
12323,4
12324,2
12325,1
12327,3
12330,2
12341,1
12342,1
12343,1
12347,1
12348,2
12349,2
12350,2
12351,3
12366,2
12368,1
12373,1
12374,1
12378,2
12380,1
12381,2
12382,2
12383,2
12388,1
12396,1
12398,1
12402,1
12403,1
12404,1
12422,1
12427,3
12428,2
12444,3
12450,3
12451,1
12453,1
12456,6
12457,3
12458,1
12460,1
12469,2
12474,2
12490,1
12491,1
12496,1
12500,2
12501,1
12502,3
12503,1
12510,1
12526,1
12531,1
12533,1
12535,1
12545,2
12547,1
12567,1
12568,1
12569,1
12572,3
12573,1
12574,1
12575,1
12578,1
12579,2
12580,2
12581,1
12583,1
12584,4
12588,1
12589,1
12591,1
12592,1
12610,1
12617,1
12624,1
12626,1
12631,3
12643,1
12645,2
12654,1
12655,2
12658,1
12659,1
12660,2
12662,1
12664,1
12670,1
12671,1
12672,1
12679,2
12680,1
12691,3
12692,1
12697,2
12709,1
12711,2
12714,5
12716,1
12719,2
12724,1
12733,1
12736,1
12739,2
12741,1
12750,2
12751,2
12752,1
12757,1
12758,4
12759,5
12761,1
12763,1
12764,1
12794,1
12801,2
12804,3
12805,4
12806,1
12808,2
12809,1
12810,3
12813,1
12815,4
12816,2
12817,4
12818,1
12819,1
12820,1
12821,1
12823,2
12827,2
12839,4
12840,1
12847,5
12848,1
12849,2
12859,1
12872,1
12873,2
12874,1
12879,1
12881,5
12882,1
12887,1
12888,1
12891,1
12892,1
12901,1
12922,3
12923,2
12936,1
12940,1
12945,2
12951,2
12956,1
12957,1
12958,1
12972,2
12977,2
12985,1
12986,1
12988,1
12989,3
12990,2
13000,2
13030,4
13033,1
13034,1
13035,1
13036,1
13041,4
13042,2
13044,2
13047,1
13058,3
13065,3
13067,1
13068,1
13070,3
13071,2
13072,1
13074,1
13079,2
13080,1
13081,2
13084,2
13086,2
13087,1
13091,2
13092,1
13093,1
13095,1
13097,2
13107,2
13109,1
13110,2
13111,3
13112,2
13127,1
13139,1
13147,2
13148,1
13149,1
13150,1
13151,1
13153,2
13154,2
13155,1
13156,2
13159,1
13160,3
13163,3
13164,3
13172,1
13173,1
13181,1
13183,2
13185,1
13187,1
13189,1
13190,1
13204,3
13207,1
13215,1
13219,2
13248,2
13249,2
13250,1
13252,1
13254,2
13266,1
13270,1
13279,1
13282,1
13291,2
13297,1
13300,1
13304,2
13305,5
13313,3
13314,4
13316,1
13318,1
13319,2
13328,1
13330,2
13335,2
13337,1
13338,3
13339,1
13345,1
13353,3
13354,2
13355,1
13356,2
13357,2
13368,2
13371,1
13392,1
13400,2
13406,2
13411,3
13412,1
13413,1
13427,1
13430,2
13432,2
13434,2
13442,1
13450,1
13451,2
13452,2
13456,2
13457,1
13461,1
13472,1
13473,2
13479,2
13486,2
13493,1
13497,2
13498,1
13499,1
13501,3
13503,2
13507,1
13508,2
13509,1
13511,3
13512,4
13517,3
13518,1
13519,2
13520,1
13521,1
13522,1
13523,1
13534,2
13546,2
13555,3
13582,2
13583,2
13589,1
13591,1
13592,1
13607,1
13608,1
13611,1
13615,1
13631,2
13632,1
13635,3
13641,1
13643,2
13644,1
13658,1
13659,1
13660,2
13661,3
13665,1
13666,1
13674,1
13675,3
13676,1
13696,1
13697,1
13698,2
13704,3
13705,1
13706,1
13709,2
13720,2
13732,1
13734,1
13738,2
13742,2
13744,2
13746,1
13757,1
13758,1
13766,2
13770,2
13772,1
13774,1
13780,1
13807,1
13814,1
13815,2
13816,2
13817,1
13834,1
13835,1
13836,1
13840,1
13842,3
13846,1
13871,1
13877,1
13894,3
13896,1
13907,2
13916,3
13920,3
13922,2
13923,3
13928,3
13929,3
13931,1
13932,2
13934,1
13937,1
13942,1
13948,2
13954,1
13975,1
13983,1
13984,2
13989,1
13991,1
13992,3
14002,1
14004,1
14006,1
14013,2
14017,1
14019,1
14020,1
14021,2
14031,1
14033,2
14050,1
14052,2
14057,1
14059,2
14060,1
14061,1
14068,1
14069,2
14070,2
14078,1
14083,1
14091,1
14097,2
14098,1
14099,1
14102,1
14103,1
14104,3
14105,3
14106,4
14107,2
14108,1
14109,1
14110,1
14111,1
14113,3
14114,2
14118,1
14119,1
14120,2
14121,2
14122,1
14124,1
14126,1
14128,1
14139,3
14158,1
14159,2
14173,1
14181,1
14187,1
14190,3
14193,2
14198,2
14201,2
14203,1
14206,1
14207,1
14211,2
14212,1
14214,1
14216,4
14217,1
14236,2
14237,1
14240,2
14246,1
14250,2
14252,1
14253,1
14254,1
14255,2
14257,2
14274,2
14276,3
14282,1
14284,2
14285,2
14289,1
14290,2
14292,1
14300,1
14302,1
14303,3
14307,1
14308,1
14309,2
14310,1
14312,3
14313,2
14315,1
14332,1
14333,1
14334,1
14344,1
14349,1
14352,1
14362,1
14373,1
14380,2
14390,1
14391,1
14392,2
14404,1
14405,2
14406,1
14407,1
14419,3
14420,1
14424,3
14431,1
14437,2
14438,1
14444,2
14446,2
14447,3
14449,1
14452,2
14453,1
14454,1
14455,2
14459,1
14460,4
14483,1
14484,2
14489,1
14490,1
14496,4
14502,1
14510,1
14522,1
14525,1
14528,2
14537,1
14545,2
14547,2
14548,1
14549,2
14559,1
14561,4
14562,2
14563,1
14570,2
14577,2
14583,1
14587,1
14588,1
14589,1
14594,1
14595,2
14598,1
14613,2
14621,1
14622,1
14625,2
14634,1
14644,1
14661,2
14662,2
14663,1
14664,1
14665,1
14666,1
14667,2
14669,1
14671,1
14672,1
14681,1
14697,1
14705,2
14707,1
14713,1
14714,1
14726,1
14731,2
14734,1
14735,1
14740,1
14748,3
14749,3
14751,2
14781,1
14789,2
14790,1
14791,1
14796,2
14797,1
14831,1
14846,1
14855,1
14856,1
14860,1
14878,2
14879,1
14882,2
14883,1
14884,1
14885,1
14903,1
14905,3
14906,2
14907,2
14909,1
14910,5
14911,2
14925,1
14935,1
14937,1
14938,3
14949,1
14953,2
14956,1
14960,1
14965,1
14966,1
14974,1
14976,3
14977,2
14978,1
14983,3
14992,1
14994,1
14995,1
14996,2
15000,1
15001,1
15008,2
15009,1
15010,1
15014,3
15020,1
15021,1
15031,1
15032,1
15034,1
15040,1
15044,2
15056,1
15059,2
15063,1
15073,1
15080,6
15147,2
15186,2
15188,1
15191,2
15221,1
15222,1
15223,1
15224,1
15225,1
15242,1
15243,2
15244,3
15246,1
15254,3
15261,1
15263,2
15270,3
15280,1
15285,2
15286,2
15288,1
15290,1
15292,3
15294,2
15295,1
15313,1
15314,2
15315,1
15324,2
15325,1
15338,1
15346,2
15348,2
15349,5
15354,3
15355,1
15363,1
15364,1
15366,2
15370,3
15371,1
15372,2
15373,2
15376,1
15378,1
15380,1
15389,1
15390,2
15392,1
15393,1
15395,1
15399,1
15420,1
15439,1
15446,3
15463,2
15465,1
15468,1
15475,1
15480,2
15481,2
15482,2
15483,1
15484,1
15486,2
15495,2
15508,1
15509,1
15513,1
15514,2
15516,1
15517,2
15519,1
15520,2
15527,4
15528,1
15532,1
15534,1
15535,3
15536,1
15537,1
15539,3
15545,1
15553,2
15555,1
15562,1
15569,2
15580,1
15593,1
15599,1
15623,1
15624,1
15628,1
15629,1
15630,1
15631,4
15632,3
15636,7
15637,3
15638,2
15641,2
15642,2
15644,1
15645,1
15668,1
15679,1
15702,2
15712,1
15724,1
15726,1
15727,1
15735,3
15738,3
15739,4
15744,1
15745,1
15750,1
15751,1
15761,1
15766,2
15786,2
15794,1
15798,4
15814,1
15817,1
15820,1
15829,2
15830,1
15835,1
15865,1
15867,1
15868,2
15869,2
15873,1
15875,2
15878,1
15881,1
15882,2
15885,1
15886,1
15891,1
15896,3
15916,3
15917,1
15918,2
15920,1
15921,3
15922,4
15923,4
15924,3
15929,1
15935,1
15936,1
15957,1
15958,1
15972,1
15973,1
15975,2
15980,1
15991,3
15992,1
15996,3
16014,1
16022,1
16027,5
16028,2
16029,2
16031,2
16036,1
16094,1
16101,1
16109,2
16125,1
16139,1
16145,2
16149,2
16157,1
16158,3
16177,1
16179,2
16181,1
16185,1
16186,2
16198,1
16199,1
16215,3
16217,1
16218,2
16219,1
16220,1
16225,2
16227,1
16235,1
16247,1
16258,1
16275,1
16277,2
16278,4
16283,1
16284,1
16300,3
16301,2
16306,2
16311,1
16314,1
16315,1
16319,1
16321,2
16323,1
16325,1
16326,1
16336,1
16339,1
16351,1
16361,1
16376,1
16377,2
16384,1
16387,1
16397,1
16398,1
16404,1
16428,1
16430,1
16431,2
16432,2
16434,1
16439,1
16444,1
16448,2
16458,1
16459,1
16470,2
16471,1
16472,1
16487,2
16495,1
16496,3
16499,1
16501,1
16521,1
16523,1
16524,2
16544,1
16571,2
16573,1
16575,1
16580,1
16581,3
16582,2
16583,3
16584,3
16587,3
16588,2
16593,1
16595,2
16600,3
16601,6
16602,4
16603,6
16604,1
16605,2
16606,1
16607,1
16608,1
16609,3
16615,2
16616,1
16631,1
16647,1
16648,2
16655,1
16663,1
16672,1
16673,2
16677,1
16679,3
16680,3
16684,1
16686,1
16687,1
16688,2
16706,1
16725,1
16726,1
16728,1
16729,1
16746,3
16771,1
16774,1
16775,2
16776,2
16781,2
16782,2
16783,1
16786,2
16787,5
16788,1
16791,1
16813,2
16830,1
16832,3
16834,1
16838,2
16839,3
16840,1
16852,1
16854,1
16869,2
16874,1
16876,2
16884,1
16886,1
16890,1
16891,1
16892,2
16905,2
16926,1
16927,1
16928,4
16929,1
16931,2
16933,1
16935,1
16951,1
16952,2
16968,2
16977,2
16992,1
16995,3
16999,4
17029,2
17034,2
17035,1
17039,2
17040,1
17041,2
17044,1
17045,1
17046,1
17048,1
17067,1
17068,1
17070,1
17072,3
17080,1
17081,2
17087,1
17094,1
17110,3
17111,1
17120,1
17124,1
17125,1
17126,1
17142,1
17168,1
17169,1
17209,1
17210,2
17214,2
17218,1
17249,1
17251,1
17290,1
17291,1
17292,3
17293,1
17294,2
17298,2
17301,1
17306,1
17307,2
17317,2
17325,1
17326,3
17332,1
17333,2
17335,1
17336,3
17345,1
17349,1
17355,2
17356,1
17358,2
17361,1
17366,1
17412,1
17413,2
17422,1
17452,1
17453,1
17454,1
17457,1
17459,1
17460,1
17461,2
17476,1
17494,1
17507,1
17509,1
17519,1
17551,1
17558,1
17559,1
17562,1
17564,3
17568,2
17579,2
17580,3
17581,4
17582,1
17607,2
17609,1
17610,1
17626,2
17653,1
17654,1
17655,2
17661,1
17662,1
17665,1
17667,1
17669,1
17673,1
17684,2
17689,1
17690,1
17723,1
17724,1
17729,1
17730,1
17735,1
17739,1
17762,1
17763,1
17764,1
17771,1
17775,2
17811,1
17817,1
17819,2
17826,1
17852,1
17861,1
17863,1
17864,1
17869,1
17870,1
17872,2
17873,2
17886,1
17894,1
17900,2
17935,1
17939,1
17951,1
17962,1
17965,1
17966,1
17976,2
17992,2
17993,3
17995,1
17996,1
18000,3
18001,2
18005,1
18006,2
18057,1
18058,2
18097,1
18104,1
18114,1
18115,2
18124,3
18125,2
18127,1
18132,1
18142,2
18143,2
18144,3
18145,6
18146,2
18150,2
18193,2
18195,2
18196,1
18204,1
18205,3
18206,2
18208,2
18209,2
18210,2
18212,1
18213,1
18214,2
18229,1
18241,1
18245,2
18247,2
18249,5
18253,1
18254,1
18265,1
18274,3
18275,1
18277,1
18278,1
18286,1
18289,3
18298,1
18300,1
18303,1
18305,1
18307,1
18308,1
18321,2
18322,1
18324,2
18325,1
18376,2
18377,2
18378,2
18384,2
18406,1
18438,1
18439,1
18445,1
18447,2
18453,1
18458,2
18459,1
18471,1
18475,2
18478,1
18485,1
18510,1
18523,1
18570,2
18571,2
18611,1
18613,2
18615,2
18616,1
18622,1
18627,1
18630,3
18631,1
18632,1
18637,1
18690,1
18695,1
18698,1
18699,1
18700,1
18704,1
18706,1
18720,2
18721,1
18722,3
18726,2
18732,1
18733,1
18736,2
18737,2
18738,2
18740,3
18780,2
18794,2
18796,1
18812,2
18822,3
18823,2
18836,2
18841,1
18856,2
18879,1
18883,2
18899,1
18901,2
18907,1
18911,1
18915,2
18916,1
18917,1
18920,3
18921,2
18927,1
18932,1
18946,1
18947,1
18948,3
18949,1
18950,3
18960,4
19039,2
19040,2
19041,2
19042,1
19122,1
19135,1
19143,1
19166,1
19167,1
19174,2
19176,1
19185,1
19188,1
19214,1
19215,2
19216,2
19218,1
19242,1
19243,2
19248,2
19250,1
19251,2
19257,2
19263,1
19294,2
19295,4
19296,2
19301,1
19306,2
19307,1
19313,1
19333,1
19343,2
19359,1
19361,1
19363,1
19365,1
19367,2
19368,1
19369,2
19372,2
19373,1
19374,2
19375,1
19376,1
19377,1
19379,1
19380,2
19414,1
19434,1
19440,1
19441,2
19445,1
19459,2
19475,2
19476,3
19479,1
19493,2
19495,1
19496,2
19497,2
19513,1
19515,2
19530,1
19554,1
19566,2
19577,1
19578,2
19590,1
19594,1
19599,1
19607,2
19609,2
19627,1
19660,1
19671,1
19679,2
19681,1
19682,2
19732,1
19767,3
19818,2
19822,2
19823,1
19824,2
19834,2
19839,1
19847,2
19849,1
19871,1
19872,1
19873,2
19893,2
19894,1
19895,2
19906,1
19915,1
19926,1
19927,1
19953,1
19961,1
19962,1
19963,1
19980,1
19983,1
19985,2
19986,1
19987,3
19988,3
20003,1
20004,1
20016,1
20030,2
20031,1
20032,1
20034,2
20068,2
20074,1
20112,1
20132,1
20151,2
20192,1
20202,1
20210,1
20211,1
20229,1
20230,1
20264,1
20270,2
20271,1
20273,1
20276,1
20281,1
20298,2
20300,2
20302,1
20327,1
20328,2
20335,2
20344,1
20345,1
20369,1
20371,1
20383,1
20384,1
20439,1
20442,1
20475,2
20477,1
20499,1
20502,1
20517,2
20531,1
20533,1
20534,2
20536,1
20537,1
20539,3
20658,2
20672,1
20686,3
20758,1
20759,2
20764,1
20765,1
20771,1
20790,1
20818,1
20841,1
20846,1
20949,1
20957,3
20958,1
20963,1
20967,1
20984,1
21012,1
21017,2
21063,2
21064,2
21065,1
21066,2
21097,1
21098,1
21178,1
21180,2
21181,3
21226,1
21227,1
21232,1
21234,2
21251,1
21259,3
21260,2
21261,1
21262,1
21301,1
21302,1
21304,2
21312,2
21325,2
21326,1
21327,1
21329,1
21335,1
21338,1
21345,1
21346,1
21348,1
21349,2
21350,1
21351,2
21368,1
21370,1
21371,1
21375,1
21377,1
21395,2
21396,1
21399,3
21400,2
21404,2
21405,2
21409,1
21446,1
21453,3
21464,2
21475,1
21478,1
21479,3
21497,1
21503,2
21506,1
21508,1
21532,2
21533,1
21535,2
21536,1
21538,1
21566,4
21586,1
21588,1
21612,3
21613,1
21634,2
21657,3
21687,1
21688,2
21712,1
21743,2
21769,2
21785,1
21803,1
21818,1
21824,2
21829,2
21830,1
21831,2
21832,1
21844,2
21845,1
21867,1
21868,2
21869,1
21871,1
21914,1
21915,1
21941,1
21947,1
21948,1
21953,1
21955,3
21957,1
21962,3
21986,1
21992,1
21994,1
22008,1
22020,1
22037,1
22038,1
22049,1
22079,1
22087,2
22091,1
22098,1
22099,1
22100,2
22101,1
22102,5
22105,1
22109,2
22110,1
22113,1
22115,1
22116,1
22120,1
22121,2
22125,3
22134,1
22137,2
22147,1
22149,2
22178,2
22187,2
22189,1
22190,1
22207,1
22212,1
22249,2
22253,1
22283,2
22284,1
22315,1
22347,1
22367,1
22368,1
22407,1
22408,1
22409,1
22465,1
22477,2
22478,3
22492,2
22528,1
22589,1
22601,2
22610,2
22643,1
22678,3
22688,3
22763,2
22778,1
22780,1
22782,1
22816,1
22851,1
22954,1
22955,1
22959,2
22970,2
23008,1
23021,2
23025,1
23077,1
23080,1
23142,1
23143,1
23144,1
23155,1
23156,3
23173,2
23175,1
23176,1
23181,1
23224,2
23253,1
23254,2
23255,1
23256,2
23278,1
23285,2
23286,1
23303,1
23341,1
23342,2
23343,1
23345,2
23368,1
23376,2
23377,2
23388,2
23448,1
23492,2
23513,1
23546,2
23557,2
23558,2
23568,1
23569,1
23606,1
23679,1
23680,2
23682,1
23687,1
23692,1
23717,1
23718,1
23719,1
23725,1
23732,2
23735,1
23743,1
23799,2
23802,1
23815,1
23837,1
23839,1
23851,2
23885,3
23943,2
23946,2
23947,1
23964,1
23967,1
23972,1
24019,2
24022,2
24023,1
24078,3
24079,3
24087,5
24088,2
24093,2
24114,1
24142,3
24174,1
24192,2
24194,1
24195,1
24196,2
24204,2
24570,2
24584,2
24585,1
24586,1
24587,1
24591,1
24592,2
24640,2
24644,1
24645,1
24647,2
24651,1
24656,1
24658,2
24659,2
24666,1
24667,1
24668,1
24674,3
24683,3
24710,2
24771,1
24801,1
24806,2
24808,1
24842,1
24844,2
24961,2
24996,3
25038,4
25070,1
25071,1
25072,1
25097,2
25098,3
25118,1
25119,1
25121,1
25122,1
25123,1
25124,1
25125,2
25126,4
25127,1
25132,1
25154,1
25234,1
25235,2
25236,1
25289,1
25294,5
25295,1
25304,1
25306,1
25308,1
25347,1
25355,2
25356,1
25357,1
25359,1
25400,1
25458,1
25463,1
25464,2
25527,1
25528,1
25532,1
25533,4
25571,1
25628,1
25708,2
25709,1
25714,3
25824,1
25825,1
25866,2
25980,1
25981,1
26020,1
26021,1
26034,1
26071,1
26072,1
26077,2
26227,1
26242,2
26304,1
26508,1
26558,1
26560,2
26565,1
26567,1
26571,1
26572,2
26573,1
26604,3
26632,1
26633,3
26637,1
26638,1
26644,3
26646,1
26675,1
26681,1
26683,1
26684,1
26722,3
26829,2
26856,2
26857,2
26858,2
26860,3
26864,2
26920,2
26921,1
26922,2
26927,1
26932,1
26982,1
26991,1
26994,1
27074,2
27123,1
27156,1
27157,2
27161,3
27163,2
27164,2
27165,1
27226,1
27233,1
27234,1
27273,1
27291,1
27317,1
27431,2
27436,1
27437,1
27438,2
27439,2
27566,3
27705,2
27706,1
27710,1
27711,2
27719,1
27807,1
27861,1
27868,1
27963,1
28100,2
28101,3
28170,1
28272,2
28288,1
28319,2
28322,2
28358,1
28366,1
28458,1
28495,2
28496,3
28500,1
28502,2
28504,1
28549,1
28581,1
28635,2
28709,3
28724,3
28741,3
28760,1
28791,3
28797,2
28823,3
28824,1
28834,1
28859,1
28860,1
28861,2
28867,1
28868,2
28897,1
28898,1
28969,2
28970,1
28999,2
29000,1
29071,2
29077,1
29079,3
29080,1
29215,1
29280,2
29463,1
29464,2
29465,4
29493,1
29495,1
29580,1
29680,1
29684,2
29692,2
29703,1
29766,1
29775,1
29777,1
29781,1
29823,1
29889,1
29890,1
29907,2
30012,2
30037,2
30038,1
30093,1
30108,1
30109,1
30232,1
30241,1
30311,1
30312,1
30317,3
30318,1
30319,1
30454,1
30464,2
30472,2
30575,2
30629,1
30656,1
30657,1
30751,2
30892,1
30893,1
30897,1
30898,1
30940,1
30941,2
30959,1
30972,2
30991,1
30998,2
31018,1
31019,1
31062,1
31063,1
31249,1
31342,2
31526,2
31631,1
31632,1
31633,1
31635,1
31639,2
31640,1
31718,1
31776,1
31797,1
31804,2
31907,1
31909,1
31910,1
31929,1
31964,3
32065,2
32156,1
32375,1
32389,2
32391,3
32392,1
32395,1
32396,1
32562,1
32563,3
32576,2
32577,1
32626,3
32627,3
32631,1
32633,1
32740,1
32794,1
33009,1
33085,2
33087,2
33091,1
33092,1
33093,3
33097,1
33098,2
33099,1
33104,4
33227,1
33387,3
33516,1
33517,1
33875,1
34053,2
34054,1
34055,1
34094,1
34243,1
34246,1
34247,1
34249,1
34250,3
34251,1
34465,1
34472,3
34799,1
34800,3
34802,1
35010,1
35576,1
35590,1
35981,1
36262,1
36857,1
36939,1
36940,1
37062,2
37394,2
37453,1
37559,1
37560,3
37563,1
37568,2
37709,2
37710,1
37711,1
37712,1
37721,3
38181,5
38331,2
38339,3
38340,2
38341,1
38342,2
38343,1
38351,2
38358,1
38476,2
38484,1
38485,1
38486,2
38487,2
38492,2
38533,1
38604,1
38612,1
38691,1
38701,1
38779,1
38872,1
38992,1
38993,2
39125,1
39130,1
39133,1
39184,1
39185,2
39189,4
39190,1
39193,1
39265,1
39266,1
39271,3
39272,1
39273,2
39308,1
39461,4
39553,1
39605,1
39717,1
39718,1
39719,1
39721,1
39759,1
40556,1
40735,1
40743,1
40841,4
40845,1
40846,1
40848,1
40849,1
40963,1
41125,1
41128,1
41131,1
41132,1
41136,2
41138,1
41139,1
41219,1
41572,1
41593,4
41594,1
41595,2
41600,1
41658,2
41702,2
41703,1
41708,2
41709,1
41714,1
41715,2
41960,1
41968,1
41969,1
41970,1
41971,1
41976,3
41981,1
41984,4
42021,1
42064,1
42065,1
42348,1
42349,5
42351,2
42418,2
43255,1
43256,1
43261,1
43262,2
43263,1
43264,1
43265,1
43814,1
44056,1
44132,1
44201,1
44202,2
44203,1
44444,3
44573,2
44720,1
44722,1
46109,1
46111,2
46112,1
46113,2
46173,1
46180,1
46838,1
47247,1
47251,2
47252,1
47253,1
47254,2
47476,2
47689,1
48045,1
48203,1
48204,3
49731,1
50238,1
50982,1
51210,2
51474,2
51476,1
51480,1
51481,1
51485,1
51488,1
51489,1
54192,3
54193,1
54952,1
55714,1
58110,1
58111,2
59217,1
60977,1
60978,1
60982,1
60983,1
65202,2
65203,2
71017,1
71018,1
71738,1
71912,1
71919,4
71920,1
85487,2
119673,1
